variant,model,run,condition,use_tactile_history,history_steps,epoch,checkpoint,manifest_ok,prediction_raw_mae,prediction_raw_accuracy,prediction_active_taxel_accuracy,prediction_active_taxel_mae,prediction_profile_accuracy,prediction_line_accuracy,prediction_peak_accuracy,prediction_peak_mae,pca_total_explained_variance,pca_raw_pred_gap,pca_centroid_raw_pred_gap,pca_raw_combo_centroid_spread,latent_pca_total_explained_variance,latent_combo_centroid_spread,latent_combo_within_spread,latent_combo_nearest_centroid_distance,latent_combo_separation_ratio,latent_combo_nearest_separation_ratio,best_active_acc,best_active_epoch,best_raw_acc,best_raw_epoch,best_raw_mae,best_mae_epoch,index_raw_mae,index_raw_accuracy,index_active_taxel_accuracy,index_active_taxel_mae,index_profile_accuracy,index_peak_accuracy,thumb_raw_mae,thumb_raw_accuracy,thumb_active_taxel_accuracy,thumb_active_taxel_mae,thumb_profile_accuracy,thumb_peak_accuracy,middle_raw_mae,middle_raw_accuracy,middle_active_taxel_accuracy,middle_active_taxel_mae,middle_profile_accuracy,middle_peak_accuracy,ring_raw_mae,ring_raw_accuracy,ring_active_taxel_accuracy,ring_active_taxel_mae,ring_profile_accuracy,ring_peak_accuracy,zero_baseline_raw_accuracy,zero_baseline_active_taxel_accuracy,train_mean_baseline_raw_accuracy,train_mean_baseline_active_taxel_accuracy,previous_timestep_baseline_raw_accuracy,previous_timestep_baseline_active_taxel_accuracy
selftouch_contrastive_fcn,Contrastive FCN,fine-field-9,history-2step,True,2,500.0,model_weight/selftouch_contrastive_fcn/fine-field-9/epoch499.pth,True,47.60072040557861,96.99748501854532,88.6991180261608,92.6424036026001,97.20168478786945,97.20168478786945,80.27980505783059,129.03322982788086,0.5602519512176514,22.319669723510742,22.29174041748047,3.0842324415842692,0.6119758486747742,8.663242435455322,1.2985551569338554,3.8637989362080893,6.671447407679582,2.97546000689819,88.6991180261608,500.0,96.99748501854532,500.0,47.60072040557861,500.0,53.92311096191406,96.36091617933722,86.5023046836878,110.83555603027344,96.64884924888611,73.26179111452318,49.01744842529297,97.71892694699712,88.55201359048665,99.72045135498047,98.79104574521382,84.7968632809309,58.77079772949219,95.32672983920625,83.81489182210292,112.3392333984375,98.41138035058975,71.49874753386092,28.691524505615234,98.58336710864069,95.92726200836586,47.674373626708984,94.95546380678813,91.56181830200735,85.67421780394847,0.3777182563910174,87.11112744344076,18.734276389362535,98.52728917896566,93.25216413264273
selftouch_contrastive_fcn,Contrastive FCN,light-serenity-10,history-2step,True,2,500.0,model_weight/selftouch_contrastive_fcn/light-serenity-10/epoch499.pth,True,46.85756254196167,97.00857074947693,88.5695796177969,91.68861293792725,93.05028373996417,93.05028373996417,80.2023546921523,128.79900741577148,0.5628880858421326,22.291667938232422,22.264917373657227,3.134600631395976,0.6895669102668762,9.292466513315837,1.394371398155302,5.251525402069092,6.664269308456413,3.7662314423665397,88.5695796177969,500.0,97.00857074947693,500.0,46.85756254196167,500.0,52.563697814941406,96.24235588972431,86.1506902790394,106.89368438720703,98.7864762544632,72.6114578813267,47.68598175048828,97.96283300844705,88.64283890165773,99.4622573852539,88.2612673441569,84.87966256506984,59.396236419677734,95.22879797989884,83.56875661313723,111.77347564697266,92.6142112414042,71.68872337123983,27.784334182739258,98.60029611983755,95.91603267735324,48.62503433227539,92.53918011983235,91.62957495097284,85.67421780394847,0.3777182563910174,87.11112744344076,18.734276389362535,98.52728917896566,93.25216413264273
selftouch_fcn,FCN,balmy-spaceship-8,history-2step,True,2,500.0,model_weight/selftouch_fcn/balmy-spaceship-8/epoch499.pth,True,47.04261827468872,96.96887732346644,88.51134553377946,92.42913055419922,94.85972598195076,94.85972598195076,79.90894642945949,130.4012451171875,0.5653384923934937,22.3207950592041,22.29356575012207,3.1239476362864176,0.2962930500507355,8.230101458231609,1.7787848632795074,4.956562598546346,4.62681104844683,2.786487956395153,88.51134553377946,500.0,96.96887732346644,500.0,47.04261827468872,500.0,53.34239959716797,96.16134781397939,85.78922278859218,110.09169006347656,96.43461267153423,72.03678360425916,48.73881912231445,97.8185092360531,88.62218669153815,99.64196014404297,98.53314797083537,84.90156910212902,58.696834564208984,95.31421515275574,83.8313562208616,111.7901611328125,97.22088674704233,71.75589102436213,27.392419815063477,98.58143709107753,95.80261643412594,48.192710876464844,87.25025653839111,90.94154198708767,85.67421780394847,0.3777182563910174,87.11112744344076,18.734276389362535,98.52728917896566,93.25216413264273
selftouch_fcn,FCN,ancient-resonance-6,history-2step,True,2,500.0,model_weight/selftouch_fcn/ancient-resonance-6/epoch499.pth,True,47.302072048187256,96.91997603672289,88.43870049190696,92.25078964233398,97.78412555654845,97.78412555654845,80.0308899747889,129.61756706237793,0.5629357099533081,22.359909057617188,22.332534790039062,3.1205322186152142,0.2974627614021301,8.135499922434489,1.7649314620368108,4.457982619603475,4.609527393797918,2.525867273315396,88.43870049190696,500.0,96.91997603672289,500.0,47.302072048187256,500.0,53.36117172241211,96.07840434419381,85.66760755816136,108.74918365478516,97.67664551734924,72.66096999232285,49.392723083496094,97.73901420217209,88.37968977271466,101.27803802490234,98.82941683133443,84.66096849171636,59.00666427612305,95.24680448354175,83.81519392116272,110.75155639648438,96.77042345205943,71.54773780230987,27.447729110717773,98.61568111698388,95.89231071558912,48.22438049316406,97.86001642545065,91.25388361280655,85.67421780394847,0.3777182563910174,87.11112744344076,18.734276389362535,98.52728917896566,93.25216413264273
selftouch_fcn,FCN,vivid-plant-9,history-2step,True,2,500.0,model_weight/selftouch_fcn/vivid-plant-9/epoch499.pth,True,47.50637674331665,96.8795710407719,88.41596436252463,92.88506126403809,92.68923689921698,92.68923689921698,79.98909803023562,130.01061248779297,0.5612333416938782,22.269609451293945,22.241968154907227,3.1228530406951904,0.2930546998977661,8.297126420338948,1.7436373582809075,4.643516381581624,4.758516087610831,2.6631204932198598,88.41596436252463,500.0,96.8795710407719,500.0,47.50637674331665,500.0,54.293575286865234,96.14665831244778,86.04962577041746,110.345703125,94.34014558792114,72.63649209475172,49.32978820800781,97.66198830409357,88.55245772403761,99.85082244873047,91.58671379089355,85.00478973437396,59.04193878173828,95.15555156150668,83.28961708188923,113.38005828857422,93.73268087704977,71.07224402030546,27.360204696655273,98.5540859850396,95.77215687375424,47.963661193847656,91.09740734100342,91.24286627151136,85.67421780394847,0.3777182563910174,87.11112744344076,18.734276389362535,98.52728917896566,93.25216413264273
selftouch_fcn,FCN,rose-moon-10,history-2step,True,2,500.0,model_weight/selftouch_fcn/rose-moon-10/epoch499.pth,True,47.10365581512451,96.9739302200722,88.40517809305312,92.43263244628906,91.0258455077807,91.0258455077807,79.65763729488805,130.61604499816895,0.5656470060348511,22.412700653076172,22.38573455810547,3.1073398113250734,0.29864707589149475,8.395779132843018,1.7522257387737104,5.069294969240825,4.791494010765289,2.8930604413952707,88.40517809305312,500.0,96.9739302200722,500.0,47.10365581512451,500.0,53.59349822998047,96.18352826510721,85.85200102096736,108.2138671875,89.74552710851033,71.8954793773713,48.803314208984375,97.75265942634364,88.29663679868537,101.68133544921875,96.21248920758565,84.38583723814263,59.27307891845703,95.32491032805565,83.56263910717644,112.5443115234375,88.16667318344116,71.140520050542,26.744731903076172,98.63462286078232,95.90943544538334,47.291015625,89.9786925315857,91.20871251349625,85.67421780394847,0.3777182563910174,87.11112744344076,18.734276389362535,98.52728917896566,93.25216413264273
selftouch_contrastive_fcn,Contrastive FCN,zesty-sound-7,history-2step,True,2,500.0,model_weight/selftouch_contrastive_fcn/zesty-sound-7/epoch499.pth,True,47.80475091934204,96.90886826634366,88.316806914646,93.4334487915039,95.97407097617784,95.97407097617784,79.73434318696772,130.94170379638672,0.5609327554702759,22.36822509765625,22.340391159057617,3.101140793164571,0.5249521732330322,8.236227019627888,0.8175832154755279,5.192482550938924,10.073869991126813,6.351014126334332,88.316806914646,500.0,96.90886826634366,500.0,47.80475091934204,500.0,54.09695816040039,96.02847396268449,85.49456860375206,111.2702407836914,96.94125314553578,71.89909543042158,48.12291717529297,97.89807852965747,88.67415031700033,101.32376098632812,97.8402692079544,84.99439341170181,60.40361022949219,95.09241230566457,83.24437774768535,113.19136810302734,97.29838073253632,70.94699740639754,28.595518112182617,98.61650826736809,95.85413099014626,47.94842529296875,91.81638081868489,91.09688649934998,85.67421780394847,0.3777182563910174,87.11112744344076,18.734276389362535,98.52728917896566,93.25216413264273
selftouch_contrastive_fcn,Contrastive FCN,generous-sponge-8,history-2step,True,2,500.0,model_weight/selftouch_contrastive_fcn/generous-sponge-8/epoch499.pth,True,47.53772449493408,96.89214267107062,88.25965635084114,93.0039644241333,94.81528028845787,94.81528028845787,79.63775846089041,130.61338233947754,0.5657984018325806,22.381549835205078,22.353721618652344,3.124402372042338,0.5891993045806885,8.602324533462525,0.8721824231529701,4.70514456431071,9.862987724935822,5.394679415002938,88.25965635084114,500.0,96.89214267107062,500.0,47.53772449493408,500.0,52.98054885864258,96.1739209133946,85.73657915875292,109.23464965820312,96.21039748191833,72.20896336103786,49.31401062011719,97.66831894551193,88.2757625217903,101.64117431640625,97.78992076714833,84.48497360076635,60.124656677246094,95.17249298545167,83.18871599591864,113.59391021728516,94.919224580129,70.5905433264614,27.73168182373047,98.55383783992434,95.83756772690268,47.54612350463867,90.34157832463583,91.26655355529604,85.67421780394847,0.3777182563910174,87.11112744344076,18.734276389362535,98.52728917896566,93.25216413264273
selftouch_fcn,FCN,clear-planet-7,history-2step,True,2,500.0,model_weight/selftouch_fcn/clear-planet-7/epoch499.pth,True,47.381062030792236,96.90336782590714,88.11117336400338,93.81800174713135,91.87337284286818,91.87337284286818,79.73135439142877,131.90250968933105,0.5666468143463135,22.375017166137695,22.34674072265625,3.096049944559733,0.30915093421936035,8.196463525295258,1.8443735136938253,3.984581172466278,4.444036668516109,2.160398174709278,88.11117336400338,500.0,96.90336782590714,500.0,47.381062030792236,500.0,53.07291030883789,96.3026455026455,85.96714136644471,109.34127807617188,89.94073549906413,72.64483683256006,48.356201171875,97.77356353847581,88.31973174333521,101.0790023803711,96.84538702170055,84.50576624611065,59.99863052368164,95.01215411259446,82.46805868878434,114.7149429321289,96.44309838612874,70.81399215269003,28.096506118774414,98.52510814991274,95.68976165744925,50.136783599853516,84.26427046457925,90.96082233435428,85.67421780394847,0.3777182563910174,87.11112744344076,18.734276389362535,98.52728917896566,93.25216413264273
selftouch_temporal_mixer,Temporal Mixer,earthy-resonance-9,history-2step,True,2,500.0,model_weight/selftouch_temporal_mixer/earthy-resonance-9/epoch499.pth,True,49.056798458099365,96.77672026129729,88.07045860028522,93.0222396850586,98.75343158841133,98.75343158841133,79.7119329777884,126.85739135742188,0.5601900815963745,22.25318717956543,22.225358963012695,3.1288047790527345,0.316679447889328,8.377550872166951,1.9446247559152172,4.073184132575989,4.3080552413435385,2.094586176683217,88.07045860028522,500.0,96.77672026129729,500.0,49.056798458099365,500.0,55.2395133972168,95.96832358674465,85.48828139662331,109.51766204833984,98.81739765405655,71.97141649142718,51.38164520263672,97.58293882855287,88.31529040782563,101.31527709960938,98.97176831960678,85.05899913116446,62.668663024902344,94.72239696186017,82.00343033482395,116.38427734375,98.34459294875462,69.85391589634457,26.9373722076416,98.83322166803147,96.474832261868,44.871742248535156,98.87996743122737,91.96340039221735,85.67421780394847,0.3777182563910174,87.11112744344076,18.734276389362535,98.52728917896566,93.25216413264273
selftouch_contrastive_fcn,Contrastive FCN,fiery-haze-6,history-2step,True,2,500.0,model_weight/selftouch_contrastive_fcn/fiery-haze-6/epoch499.pth,True,48.41599798202515,96.83691013334759,87.78057730164267,95.70377159118652,91.09517162044844,91.09517162044844,79.06207030055096,132.7868824005127,0.5644422769546509,22.362470626831055,22.334379196166992,3.167941514650981,0.676502525806427,9.097749070326488,0.9558023922269131,4.704346756140391,9.5184414103942,4.921882173970905,87.78057730164267,500.0,96.83691013334759,500.0,48.41599798202515,500.0,54.765384674072266,96.03531049846839,85.05521481603819,113.79000854492188,96.8326888481776,70.89355452451684,49.04197311401367,97.77874315418174,87.7521290652099,104.9077377319336,91.28969192504883,84.01973816118755,61.47605895996094,94.947628034229,82.38377305110232,116.39884948730469,88.25081984202066,70.00288178049699,28.38057518005371,98.58595884651122,95.93119227422027,47.71849060058594,88.00748586654663,91.33210673600247,85.67421780394847,0.3777182563910174,87.11112744344076,18.734276389362535,98.52728917896566,93.25216413264273
selftouch_contrastive_temporal,Contrastive Temporal,serene-jazz-9,history-2step,True,2,500.0,model_weight/selftouch_contrastive_temporal/serene-jazz-9/epoch499.pth,True,49.94673299789429,96.63163906067821,87.7803985739648,93.51871013641357,98.82359827558199,98.82359827558199,79.44355033015715,127.47102737426758,0.5581004619598389,22.229326248168945,22.202369689941406,3.1001789887746174,0.5967008471488953,8.694452333450318,0.9658232743347503,5.173016468683879,9.002115153457005,5.356069382617645,87.7803985739648,500.0,96.63163906067821,500.0,49.94673299789429,500.0,55.90205001831055,95.73235867446394,85.03625935573956,109.73770904541016,98.97872030735016,71.51913170221526,52.655662536621094,97.33663789102386,87.48165173267601,103.2630386352539,98.9034453034401,84.34313805573915,62.641258239746094,94.66897655826152,82.20591222964966,115.4056625366211,98.77675344546635,69.64775775309792,28.587961196899414,98.78858311896353,96.397770977794,45.66843032836914,98.63547404607137,92.26417380957628,85.67421780394847,0.3777182563910174,87.11112744344076,18.734276389362535,98.52728917896566,93.25216413264273
selftouch_mamba,Mamba,decent-universe-9,history-2step,True,2,500.0,model_weight/selftouch_mamba/decent-universe-9/epoch499.pth,True,49.23979663848877,96.61959072488227,87.6244257247681,95.85379695892334,92.79794571300347,92.79794571300347,79.37158202142967,131.56708335876465,0.5645071268081665,22.375879287719727,22.347169876098633,3.1408107757568358,0.3165024220943451,8.417362546920776,1.678258563741497,4.85140864054362,5.015533797220836,2.8907396901511566,87.6244257247681,500.0,96.61959072488227,500.0,49.23979663848877,500.0,55.294918060302734,95.86336675020885,85.1901551720255,112.67053985595703,88.61464738845825,71.60536065956808,52.03779983520508,97.25582474705283,87.05994692604067,106.48609924316406,98.90199134747188,84.15971722002332,61.30274200439453,94.77268869384618,82.42561377088354,115.44225311279297,90.02305587132771,70.55330185542329,28.323726654052734,98.58648270842122,95.82198703012268,48.8162956237793,93.65208824475606,91.16794835070401,85.67421780394847,0.3777182563910174,87.11112744344076,18.734276389362535,98.52728917896566,93.25216413264273
selftouch_contrastive_mamba,Contrastive Mamba,crisp-sunset-7,history-2step,True,2,500.0,model_weight/selftouch_contrastive_mamba/crisp-sunset-7/epoch499.pth,True,48.956016063690186,96.6155697346762,87.59094743350961,95.30149364471436,95.9558474769195,95.9558474769195,79.45659987651442,130.69659042358398,0.5645506381988525,22.345930099487305,22.319578170776367,3.101645008722941,0.5705033540725708,8.365303921699525,1.1066493575284846,3.6193970441818237,7.5591277985124625,3.2705906523680985,87.59094743350961,500.0,96.6155697346762,500.0,48.956016063690186,500.0,55.403438568115234,95.64821776663882,84.6983454322971,112.96910858154297,96.30807995796204,71.07936401971583,51.13645553588867,97.41236424394319,87.5056349444278,105.21430206298828,98.60672185818355,84.28818606447204,60.65205001831055,94.80407526119416,82.19450799014251,115.18850708007812,93.43755642573038,70.82707100263794,28.63212013244629,98.59762166692859,95.96530136717105,47.83405685424805,95.471031665802,91.63177841923186,85.67421780394847,0.3777182563910174,87.11112744344076,18.734276389362535,98.52728917896566,93.25216413264273
selftouch_contrastive_mamba,Contrastive Mamba,misty-sky-6,history-2step,True,2,500.0,model_weight/selftouch_contrastive_mamba/misty-sky-6/epoch499.pth,True,49.30939531326294,96.67221708008569,87.57809653546896,96.86236190795898,94.65287759900093,94.65287759900093,79.17450635257173,133.26715660095215,0.5648690462112427,22.427898406982422,22.39959716796875,3.1098018805185954,0.6365031003952026,8.997841540972392,0.9579613402213567,5.288974642753601,9.392697975570972,5.521073158893317,87.57809653546896,500.0,96.67221708008569,500.0,49.30939531326294,500.0,56.72996139526367,95.78607630186578,84.50832163474892,116.37418365478516,96.13510052363078,70.56115580181805,51.117713928222656,97.48525016244315,87.59868092335365,106.7028579711914,96.93523049354553,84.32345930210971,61.42888259887695,94.79609825803996,82.23952075005154,116.62964630126953,98.60810140768686,70.19485269668152,27.961023330688477,98.62144359799389,95.96586283372169,47.742759704589844,86.93307797114053,91.61855760967764,85.67421780394847,0.3777182563910174,87.11112744344076,18.734276389362535,98.52728917896566,93.25216413264273
selftouch_contrastive_temporal,Contrastive Temporal,smart-field-8,history-2step,True,2,500.0,model_weight/selftouch_contrastive_temporal/smart-field-8/epoch499.pth,True,50.23330116271973,96.55397655934169,87.52963677579922,95.24260711669922,98.65074361364046,98.65074361364046,79.21976397199944,128.45118522644043,0.5552468299865723,22.20389747619629,22.17679786682129,3.020855251948039,0.6333265900611877,8.845929861068726,1.0348817825849568,4.736244360605876,8.547768460058418,4.576604246308745,87.52963677579922,500.0,96.55397655934169,500.0,50.23330116271973,500.0,57.0472412109375,95.49000278473963,84.49865622677487,113.0992660522461,99.02479370435078,71.00787743249107,53.1092529296875,97.28513877285808,87.16231970953666,105.70406341552734,99.0824156999588,83.77579587563028,61.99362564086914,94.61170633533811,81.82300167136304,116.58424377441406,98.86201798915863,69.4659839063643,28.783084869384766,98.82905834443093,96.6345694955223,45.582855224609375,97.63374706109364,92.62939867351211,85.67421780394847,0.3777182563910174,87.11112744344076,18.734276389362535,98.52728917896566,93.25216413264273
selftouch_contrastive_temporal,Contrastive Temporal,good-waterfall-7,history-2step,True,2,500.0,model_weight/selftouch_contrastive_temporal/good-waterfall-7/epoch499.pth,True,49.45317029953003,96.5961193066189,87.46149739203102,95.17678928375244,98.72435132662454,98.72435132662454,78.93760417702158,129.56416702270508,0.5610271692276001,22.270463943481445,22.243453979492188,3.0708769877751667,0.6000815629959106,8.624193060398103,1.2402302428578766,4.192260404427846,6.953703241847479,3.3802275251469216,87.46149739203102,500.0,96.5961193066189,500.0,49.45317029953003,500.0,56.893375396728516,95.48499025341131,84.11391668606004,114.20328521728516,98.93417884906133,70.01735705464134,51.38371276855469,97.43337974566045,87.19363112487926,104.4871826171875,99.05409673849742,83.81292559945939,62.11482238769531,94.6968794274309,82.167621173821,117.1642837524414,98.37006201346715,69.74795504422426,27.4207706451416,98.76922779997298,96.37082058336375,44.8524055480957,98.5390677054723,92.17217900976136,85.67421780394847,0.3777182563910174,87.11112744344076,18.734276389362535,98.52728917896566,93.25216413264273
selftouch_temporal_mixer,Temporal Mixer,fancy-terrain-6,history-2step,True,2,500.0,model_weight/selftouch_temporal_mixer/fancy-terrain-6/epoch499.pth,True,50.32898473739624,96.52718196792719,87.45740170132284,95.64166069030762,98.12541976571084,98.12541976571084,79.1755231332306,128.74963188171387,0.5602425336837769,22.24240493774414,22.21588706970215,3.0861648162206015,0.334990531206131,8.616530179977417,1.9743304896072493,4.934775511423747,4.364279549616585,2.4994678132157166,87.45740170132284,500.0,96.52718196792719,500.0,50.32898473739624,500.0,57.75986099243164,95.38525480367585,84.12433280533305,115.7350082397461,98.29284429550171,70.34057656575096,52.40333557128906,97.3349484823169,87.10058514595339,104.65039825439453,98.33066980044048,83.96478616992047,62.241512298583984,94.61866263711515,82.17547574937561,116.54291534423828,98.23761562506358,70.0212808405932,28.911230087280273,98.76986194860088,96.4292131046293,45.63832092285156,97.64054934183757,92.37544895665778,85.67421780394847,0.3777182563910174,87.11112744344076,18.734276389362535,98.52728917896566,93.25216413264273
selftouch_mamba,Mamba,dulcet-bush-7,history-2step,True,2,500.0,model_weight/selftouch_mamba/dulcet-bush-7/epoch499.pth,True,49.14999723434448,96.7058796126811,87.38452857220773,96.42734146118164,92.62610167264938,92.62610167264938,78.96028279090041,132.8423252105713,0.5648502111434937,22.377370834350586,22.349876403808594,3.1283281405766803,0.31907370686531067,8.548341476917267,1.5979574724809078,4.85607264439265,5.349542540481722,3.0389248324946703,87.38452857220773,500.0,96.7058796126811,500.0,49.14999723434448,500.0,55.43562316894531,95.88008911166806,84.6925274197302,113.92452239990234,94.97926274935405,70.88242820743905,51.25297546386719,97.45361552028218,86.88895550892153,106.69091796875,96.1789600054423,83.65995113728344,61.080284118652344,94.9197362596398,82.0129464552074,117.42276000976562,89.2158031463623,69.71049189776329,28.831106185913086,98.57007755913436,95.94368490497178,47.671165466308594,90.13038078943887,91.58825992111584,85.67421780394847,0.3777182563910174,87.11112744344076,18.734276389362535,98.52728917896566,93.25216413264273
selftouch_temporal_mixer,Temporal Mixer,lunar-haze-8,history-2step,True,2,500.0,model_weight/selftouch_temporal_mixer/lunar-haze-8/epoch499.pth,True,49.23747205734253,96.63184339378148,87.38155182163578,94.979248046875,97.99570200343928,97.99570200343928,78.62205340422557,130.1168727874756,0.5570835471153259,22.151348114013672,22.1237735748291,3.1353047211964924,0.29373055696487427,8.251355918248494,1.9002008847675698,5.026047468185425,4.342359791742645,2.645008487510627,87.38155182163578,500.0,96.63184339378148,500.0,49.23747205734253,500.0,56.075103759765625,95.59302422723476,84.00919245985571,112.68903350830078,99.08385554949443,69.26772144152564,52.6081657409668,97.28625266870881,86.9862207565815,105.44258117675781,97.95756300290425,83.68334286329578,61.067771911621094,94.86486246603671,82.08628100197195,117.05520629882812,98.45407793919246,69.61561481678527,27.1988468170166,98.78323421314562,96.44451306813396,44.73017120361328,96.48731152216592,91.9215344952956,85.67421780394847,0.3777182563910174,87.11112744344076,18.734276389362535,98.52728917896566,93.25216413264273
selftouch_contrastive_temporal,Contrastive Temporal,pretty-paper-10,history-2step,True,2,500.0,model_weight/selftouch_contrastive_temporal/pretty-paper-10/epoch499.pth,True,50.456212520599365,96.5331390080998,87.35319679785843,96.29304885864258,97.7248359223207,97.7248359223207,78.88218496366682,129.56132125854492,0.5607232451438904,22.23628807067871,22.208236694335938,3.095395811398824,0.6137604117393494,8.591399256388346,1.418859190125006,5.194808801015218,6.055145793312596,3.6612574645673885,87.35319679785843,500.0,96.5331390080998,500.0,50.456212520599365,500.0,58.023170471191406,95.45953773322195,83.98263604765516,116.19928741455078,98.96107892195384,69.48551909832327,53.26567840576172,97.21461060057551,86.8289974795421,106.06060028076172,98.09547007083893,83.41786533791762,61.80437469482422,94.71333268984769,82.25251100962261,116.3377685546875,97.99853424231212,70.48347409722683,28.731626510620117,98.74507500875401,96.34864265461385,46.57453918457031,95.84426045417786,92.14188132119958,85.67421780394847,0.3777182563910174,87.11112744344076,18.734276389362535,98.52728917896566,93.25216413264273
selftouch_contrastive_temporal,Contrastive Temporal,usual-shape-6,history-2step,True,2,500.0,model_weight/selftouch_contrastive_temporal/usual-shape-6/epoch499.pth,True,49.61823654174805,96.5888540842663,87.33454817749407,94.83386611938477,98.09680454432964,98.09680454432964,79.10827474686843,129.0343837738037,0.5574548244476318,22.247465133666992,22.21940040588379,3.10499427318573,0.6327486038208008,8.720374917984008,1.4732591900170047,5.194325844446818,5.91910437557383,3.5257379554420862,87.33454817749407,500.0,96.5888540842663,500.0,49.61823654174805,500.0,56.30571365356445,95.55086326928432,84.61895771243253,111.46880340576172,99.00711437066396,71.39256984545545,52.889461517333984,97.19669544230948,86.76526431497952,105.9392318725586,96.96789582570395,83.7160170202654,61.385101318359375,94.81643462352206,81.4920521513607,116.96791076660156,98.46438437700272,69.15563831438008,27.892669677734375,98.79142300194931,96.46191853120351,44.95951843261719,97.94782360394795,92.1688738073728,85.67421780394847,0.3777182563910174,87.11112744344076,18.734276389362535,98.52728917896566,93.25216413264273
selftouch_contrastive_mamba,Contrastive Mamba,jolly-fog-9,history-2step,True,2,500.0,model_weight/selftouch_contrastive_mamba/jolly-fog-9/epoch499.pth,True,48.884857177734375,96.68651318711869,87.27855236982037,96.94668579101562,94.85606456796327,94.85606456796327,78.7093609383756,133.95477485656738,0.5698943138122559,22.525190353393555,22.497133255004883,3.131956354777018,0.5784056186676025,8.471226231257122,1.2201374176567872,4.898693879445394,6.942846034117769,4.014870627320888,87.27855236982037,500.0,96.68651318711869,500.0,48.884857177734375,500.0,54.83631896972656,95.89810637705375,84.53581643607318,113.89148712158203,97.14110732078552,69.55644936969414,51.478919982910156,97.40514248584424,86.90361191610317,108.96087646484375,97.90394405523935,83.39595880085844,60.96457290649414,94.83244410273137,81.7202879910337,117.32159423828125,94.759494860967,70.30724213606437,28.25961685180664,98.61035978284545,95.95449313607142,47.61278533935547,89.61971203486124,91.57779344688541,85.67421780394847,0.3777182563910174,87.11112744344076,18.734276389362535,98.52728917896566,93.25216413264273
selftouch_contrastive_mamba,Contrastive Mamba,ethereal-dew-10,history-2step,True,2,500.0,model_weight/selftouch_contrastive_mamba/ethereal-dew-10/epoch499.pth,True,49.366291522979736,96.61990700632735,87.27468010170514,97.32424545288086,92.41223911444347,92.41223911444347,78.80319844787458,133.39158058166504,0.5652271509170532,22.290626525878906,22.261980056762695,3.112553906440735,0.5841633081436157,8.636638593673705,1.1263270032811799,5.007762273152669,7.667967267510879,4.446099808105653,87.27468010170514,500.0,96.61990700632735,500.0,49.366291522979736,500.0,56.34498977661133,95.75605680868838,83.86496205154384,118.57440185546875,92.84400383631389,68.97760272372241,51.175594329833984,97.23609022556391,86.98644282335698,106.3816146850586,98.90276511510213,83.7201012898866,60.746742248535156,94.90298344355799,82.3461617181582,115.98345184326172,92.56336609522502,70.85411540422514,29.197839736938477,98.58449754749911,95.90115381376154,48.357513427734375,85.33882141113281,91.66097437366415,85.67421780394847,0.3777182563910174,87.11112744344076,18.734276389362535,98.52728917896566,93.25216413264273
selftouch_mamba,Mamba,worldly-serenity-8,history-2step,True,2,500.0,model_weight/selftouch_mamba/worldly-serenity-8/epoch499.pth,True,49.46274137496948,96.64631278488378,87.20890026809316,97.14877033233643,96.6585263858239,96.6585263858239,78.78680121920182,134.13126754760742,0.5653809309005737,22.38175392150879,22.353004455566406,3.110437099138896,0.32553085684776306,8.555690177281697,1.6651446756680939,4.990334431330363,5.138106197198126,2.996937445887774,87.20890026809316,500.0,96.64631278488378,500.0,49.46274137496948,500.0,55.93480682373047,95.80889724310777,84.85777774441283,113.03980255126953,98.35727473100026,71.16058613438366,51.689781188964844,97.36545066369628,86.41506501004852,109.65580749511719,98.50798000892004,82.82490364836667,60.81911087036133,94.81198569686723,81.66258707061338,117.4477310180664,95.80704371134439,69.78719159406796,29.40726661682129,98.59891753586386,95.90017124729793,48.45174026489258,93.96180709203085,91.37452349998898,85.67421780394847,0.3777182563910174,87.11112744344076,18.734276389362535,98.52728917896566,93.25216413264273
selftouch_gru_attention,GRU-Attention,summer-totem-1,history-2step,True,2,500.0,model_weight/selftouch_gru_attention/summer-totem-1/epoch499.pth,True,48.01190757751465,96.77077077939899,87.20399883030693,97.49925708770752,92.15525977313519,92.15525977313519,77.80472504104078,138.15560913085938,0.5644366145133972,22.325511932373047,22.29925537109375,3.125943930943807,0.44699689745903015,13.398604774475098,4.049726741010961,7.514427661895752,3.3085207055551393,1.855539433265533,87.20399883030693,500.0,96.77077077939899,500.0,48.01190757751465,500.0,53.9531364440918,96.0659844054581,84.41626566171448,114.36796569824219,95.37306865056355,69.7233441258609,49.98939895629883,97.56051239209134,86.71818615857788,107.30693054199219,98.6726360519727,82.72985155536414,60.57954788208008,94.85786178593895,81.94391682004488,118.93367767333984,84.64513778686523,68.01090643080401,27.52554702758789,98.59872453410755,95.73762668089049,49.38845443725586,89.93019660313925,90.75479805213405,85.67421780394847,0.3777182563910174,87.11112744344076,18.734276389362535,98.52728917896566,93.25216413264273
selftouch_temporal_mixer,Temporal Mixer,golden-cosmos-7,history-2step,True,2,500.0,model_weight/selftouch_temporal_mixer/golden-cosmos-7/epoch499.pth,True,49.869648933410645,96.58810630576284,87.15678097957755,96.1730728149414,98.44902460773785,98.44902460773785,78.35472151368255,131.78087997436523,0.5587656497955322,22.27818489074707,22.24974822998047,3.0914103587468467,0.30987632274627686,8.339940174420674,1.9971703059748558,4.744894067446391,4.175878316170836,2.3758084391958354,87.15678097957755,500.0,96.58810630576284,500.0,49.869648933410645,500.0,56.2244873046875,95.53650793650795,84.6826743339314,111.48404693603516,99.00056640307109,70.17757602056143,52.67804718017578,97.30994152046783,86.84587455447853,106.92109680175781,98.25421651204427,83.4895257049078,61.35088348388672,94.7089281415136,80.72494711378334,119.55497741699219,98.78786265850067,67.99716255458758,29.225177764892578,98.79704762456196,96.3736279161169,46.73217010498047,97.7534528573354,91.75462177467334,85.67421780394847,0.3777182563910174,87.11112744344076,18.734276389362535,98.52728917896566,93.25216413264273
selftouch_mamba,Mamba,easy-mountain-10,history-2step,True,2,500.0,model_weight/selftouch_mamba/easy-mountain-10/epoch499.pth,True,49.523462772369385,96.64951530735888,87.15193855945205,97.73884391784668,97.79046627382436,97.79046627382436,78.48010632838015,134.7301959991455,0.5636543035507202,22.38391876220703,22.3560733795166,3.1477737108866375,0.2918001711368561,8.250848841667175,1.6486696686558548,4.556388179461162,5.0045494246242885,2.7636756265285953,87.15193855945205,500.0,96.64951530735888,500.0,49.523462772369385,500.0,56.10767364501953,95.78877749930382,84.38558033736966,115.60945892333984,98.27389578024547,70.03988784672386,51.492042541503906,97.43282279773507,86.44038062245318,109.33204650878906,95.46424468358357,83.26229179507362,62.30323028564453,94.76654229642277,81.85003953721444,118.2702865600586,98.71617287397385,69.07295338165858,28.19090461730957,98.60991863597387,95.9317537407709,47.74358367919922,98.7075517574946,91.54529229006457,85.67421780394847,0.3777182563910174,87.11112744344076,18.734276389362535,98.52728917896566,93.25216413264273
selftouch_gru_attention,GRU-Attention,charmed-wave-4,history-2step,True,2,500.0,model_weight/selftouch_gru_attention/charmed-wave-4/epoch499.pth,True,47.74544143676758,96.76026254745483,87.11359133647271,98.1445198059082,93.27508305509886,93.27508305509886,77.47609586203711,139.52641677856445,0.5655550956726074,22.281301498413086,22.255002975463867,3.108023921648661,0.43516770005226135,12.450748729705811,4.66439844851082,7.211191495259603,2.669314996809696,1.5460067519664589,87.11359133647271,500.0,96.76026254745483,500.0,47.74544143676758,500.0,54.52742385864258,96.00863269284322,84.18701719879586,116.33221435546875,96.89714173475902,68.63825005285,50.127777099609375,97.46091153810453,86.48013057526398,109.02117919921875,96.61611636479695,82.62031887006825,59.56537628173828,94.96475806603716,82.07261101951634,118.2494125366211,89.1711433728536,68.24632572986633,26.761188507080078,98.6067478928344,95.71460655231463,48.97527313232422,90.41593074798584,90.39948879536391,85.67421780394847,0.3777182563910174,87.11112744344076,18.734276389362535,98.52728917896566,93.25216413264273
selftouch_temporal_mixer,Temporal Mixer,twilight-smoke-10,history-2step,True,2,500.0,model_weight/selftouch_temporal_mixer/twilight-smoke-10/epoch499.pth,True,51.42721223831177,96.32227207565421,87.03967284779475,96.49692249298096,97.34926491975784,97.34926491975784,78.55458987478123,131.18517875671387,0.5637589693069458,22.38477897644043,22.357290267944336,3.1372650225957233,0.2871883511543274,8.010116163889567,1.8254704331341771,4.352449615796407,4.387973652433734,2.384289297046363,87.03967284779475,500.0,96.32227207565421,500.0,51.42721223831177,500.0,58.880828857421875,95.14997215260374,83.64359605726426,115.20986938476562,98.10967127482097,69.73307965330396,53.504940032958984,97.05933351898264,86.51188612415753,107.08141326904297,98.6493581533432,82.99124481112109,64.22616577148438,94.33743721854438,81.67421788441538,117.20159149169922,97.4290535847346,69.49923521979117,29.096914291381836,98.74234541248612,96.32899132534179,46.494815826416016,95.2089766661326,91.99479981490867,85.67421780394847,0.3777182563910174,87.11112744344076,18.734276389362535,98.52728917896566,93.25216413264273
selftouch_gru_attention,GRU-Attention,stilted-dust-2,history-2step,True,2,500.0,model_weight/selftouch_gru_attention/stilted-dust-2/epoch499.pth,True,48.15660285949707,96.73094086941005,86.97540877313023,98.30712699890137,93.77296348412833,93.77296348412833,77.3677987267321,138.68069458007812,0.565382719039917,22.31713104248047,22.28917121887207,3.1148473421732583,0.43494102358818054,12.95142838160197,4.415888095565412,7.272050539652507,2.932915893998365,1.6467923059362286,86.97540877313023,500.0,96.73094086941005,500.0,48.15660285949707,500.0,54.74372482299805,95.94121414647731,83.79636580660176,118.84814453125,92.14255730311076,67.9945926099002,50.27294921875,97.48862897985705,86.76903945016267,106.73881530761719,94.42190051078796,82.66413194418661,59.46870803833008,94.9111046762546,81.56070416269847,119.7562484741211,93.57931017875671,67.87258096694819,28.141029357910156,98.58281567505122,95.77552567305803,47.88529968261719,94.94808594385783,90.9398893858934,85.67421780394847,0.3777182563910174,87.11112744344076,18.734276389362535,98.52728917896566,93.25216413264273
selftouch_mamba,Mamba,confused-capybara-6,history-2step,True,2,500.0,model_weight/selftouch_mamba/confused-capybara-6/epoch499.pth,True,49.64747714996338,96.602629681884,86.96871406925601,98.36007118225098,96.90442788104215,96.90442788104215,78.72030177800255,134.75338745117188,0.5682069063186646,22.4274959564209,22.39998435974121,3.1704808473587036,0.3255227506160736,8.29845560391744,1.534674080008288,4.603558719158173,5.407308113181023,2.9996979678794804,86.96871406925601,500.0,96.602629681884,500.0,49.64747714996338,500.0,56.42380142211914,95.86393762183236,84.48561261795551,116.8576889038086,98.64018201828003,70.61845633476864,51.8470573425293,97.37454747981063,86.94114120115918,108.51737213134766,98.74190916617711,83.24966768897173,62.009883880615234,94.57256465643968,80.52926244780295,120.17876434326172,96.13258997599284,69.76746248143468,28.309165954589844,98.59946896945334,95.9188400101064,47.88645935058594,94.10303036371866,91.24562060683516,85.67421780394847,0.3777182563910174,87.11112744344076,18.734276389362535,98.52728917896566,93.25216413264273
selftouch_contrastive_gru,Contrastive GRU,vibrant-bird-4,history-2step,True,2,500.0,model_weight/selftouch_contrastive_gru/vibrant-bird-4/epoch499.pth,True,48.416452407836914,96.6896079299581,86.89857864349179,99.40390682220459,91.1319500207901,91.1319500207901,77.56481233051663,139.79612350463867,0.5644704103469849,22.335834503173828,22.307388305664062,3.1135916074117023,0.58362877368927,8.617604287465413,1.1278585195293853,5.542093912760417,7.640678452348109,4.913820143924553,86.89857864349179,500.0,96.6896079299581,500.0,48.416452407836914,500.0,54.75448989868164,95.98781676413255,84.45464577687358,116.81383514404297,93.85985016822815,69.65881148680975,50.64822006225586,97.42755035737491,86.14236700975984,110.0508041381836,98.91588091850281,82.16770753659134,61.07720947265625,94.73843972481004,81.24297147656202,121.3414077758789,87.12851444880168,67.84043803063554,27.185890197753906,98.60462487351492,95.75433031077173,49.40958023071289,84.62355454762776,90.59229226802988,85.67421780394847,0.3777182563910174,87.11112744344076,18.734276389362535,98.52728917896566,93.25216413264273
selftouch_gru_attention,GRU-Attention,gallant-mountain-5,history-2step,True,2,500.0,model_weight/selftouch_gru_attention/gallant-mountain-5/epoch499.pth,True,48.27044630050659,96.65354210011279,86.87661058140606,98.05876731872559,94.16804884870848,94.16804884870848,77.29040610488718,138.89672088623047,0.5625839829444885,22.215986251831055,22.189918518066406,3.1347749630610147,0.4305160343647003,12.815778684616088,4.458295197854208,7.272766987482707,2.8745917701421755,1.6312887919541785,86.87661058140606,500.0,96.65354210011279,500.0,48.27044630050659,500.0,55.70760726928711,95.70942634363688,83.70346528335598,116.90902709960938,96.39321168263754,68.20682710815893,50.50104522705078,97.36344565116495,86.1847817638764,108.22669982910156,97.74673203627269,82.30100324513786,59.81405258178711,94.912436025877,81.7726266531427,119.25752258300781,87.86358118057251,67.86814745849128,27.059080123901367,98.6288603797723,95.84556862524916,47.841819763183594,94.66867049535117,90.78564660776061,85.67421780394847,0.3777182563910174,87.11112744344076,18.734276389362535,98.52728917896566,93.25216413264273
selftouch_gru_attention,GRU-Attention,clear-morning-3,history-2step,True,2,500.0,model_weight/selftouch_gru_attention/clear-morning-3/epoch499.pth,True,48.53180265426636,96.63575371408555,86.83247410422547,98.4863109588623,92.38496392965317,92.38496392965317,77.28108276916674,139.9689483642578,0.562907338142395,22.327001571655273,22.300270080566406,3.1148420333862306,0.44519418478012085,12.894256035486857,4.294727634848947,7.287387450536092,3.0023454644383682,1.6968217941001984,86.83247410422547,500.0,96.63575371408555,500.0,48.53180265426636,500.0,55.45553970336914,95.61079086605402,83.63899795055816,116.89391326904297,94.78131731351218,68.68581505835753,50.377750396728516,97.4497540146663,85.96116052096866,110.25837707519531,97.46599435806274,81.77933062533882,60.18190383911133,94.87539122263384,81.93666644260986,118.49942016601562,87.32743422190347,68.01400988672385,28.112016677856445,98.60707875298807,95.79307150276523,48.29353332519531,89.96510982513428,90.64517550624683,85.67421780394847,0.3777182563910174,87.11112744344076,18.734276389362535,98.52728917896566,93.25216413264273
selftouch_contrastive_mamba,Contrastive Mamba,lyric-dawn-8,history-2step,True,2,500.0,model_weight/selftouch_contrastive_mamba/lyric-dawn-8/epoch499.pth,True,49.68832063674927,96.47232997998,86.69636097570731,97.83409404754639,92.43166824181876,92.43166824181876,78.68431174842358,133.89396858215332,0.564302921295166,22.354421615600586,22.325681686401367,3.114066418011983,0.6060541868209839,8.78974035580953,1.0256202055150612,5.175097306569417,8.570170818149363,5.0458223021947095,86.69636097570731,500.0,96.47232997998,500.0,49.68832063674927,500.0,56.19443893432617,95.52784739626846,83.80537434218922,114.39102172851562,95.948007106781,69.56284700201387,51.808292388916016,97.33517126148705,86.56362768284424,108.45805358886719,94.76550579071045,83.42009312134736,61.987831115722656,94.41299130961534,80.43289284772924,120.97516632080078,91.93996985753378,70.18642903061337,28.762720108032227,98.61330995254914,95.98354903006653,47.51213455200195,87.07319021224976,91.56787783971971,85.67421780394847,0.3777182563910174,87.11112744344076,18.734276389362535,98.52728917896566,93.25216413264273
selftouch_contrastive_gru,Contrastive GRU,tough-breeze-2,history-2step,True,2,500.0,model_weight/selftouch_contrastive_gru/tough-breeze-2/epoch499.pth,True,48.24332666397095,96.66195515088826,86.6960758576463,100.01973915100098,91.36035174131393,91.36035174131393,77.40791026327128,140.5194206237793,0.5623584985733032,22.215492248535156,22.187461853027344,3.154733355840047,0.5776079893112183,8.513507874806722,1.080479611132133,5.0755263566970825,7.879378552905979,4.697475365943199,86.6960758576463,500.0,96.66195515088826,500.0,48.24332666397095,500.0,54.49131393432617,95.9462545252019,84.02401900801009,117.76264190673828,94.9085259437561,68.8732935011182,50.33651351928711,97.3704631950246,85.79327803870625,111.5544662475586,96.52788758277893,81.73551755122045,60.297698974609375,94.7410358565737,81.16888168214798,121.56770324707031,89.17030334472656,68.13637472013477,27.847780227661133,98.5900670267528,95.7981247017209,49.19414520263672,84.83469009399414,90.88645528061167,85.67421780394847,0.3777182563910174,87.11112744344076,18.734276389362535,98.52728917896566,93.25216413264273
selftouch_contrastive_gru,Contrastive GRU,glad-waterfall-5,history-2step,True,2,500.0,model_weight/selftouch_contrastive_gru/glad-waterfall-5/epoch499.pth,True,48.196380615234375,96.65986234805152,86.6627635769157,99.57216930389404,93.3977666000525,93.3977666000525,77.07506567446113,140.1780300140381,0.5629301071166992,22.263633728027344,22.236045837402344,3.0876052220662435,0.5573052763938904,8.295376300811768,1.149793081994221,4.624287366867065,7.214668822345081,4.021843094451935,86.6627635769157,500.0,96.65986234805152,500.0,48.196380615234375,500.0,54.74577713012695,95.92866889445837,83.92201611026448,117.2033920288086,96.63544933001201,68.65104531748946,50.63893508911133,97.40631207648751,85.89942595738539,110.64651489257812,98.32637985547383,81.84059466965685,60.65080642700195,94.71222323182901,81.10770662254006,122.1528091430664,97.29945441087087,67.27472235153289,26.750003814697266,98.59224518943122,95.72190561747284,48.28596115112305,81.32978280385336,90.53390035916533,85.67421780394847,0.3777182563910174,87.11112744344076,18.734276389362535,98.52728917896566,93.25216413264273
selftouch_contrastive_gru,Contrastive GRU,pleasant-durian-1,history-2step,True,2,500.0,model_weight/selftouch_contrastive_gru/pleasant-durian-1/epoch499.pth,True,49.244256019592285,96.56037936752567,86.42950925819078,100.20040225982666,91.82905157407124,91.82905157407124,76.72434213538351,140.76426696777344,0.5640721321105957,22.234466552734375,22.207931518554688,3.1791205565134684,0.6047508716583252,8.850031805038451,0.9954179363121028,5.062045653661092,8.890769878857816,5.0853470376627214,86.42950925819078,500.0,96.56037936752567,500.0,49.244256019592285,500.0,55.75608444213867,95.70320245057087,83.51391068036965,118.65957641601562,90.32866160074869,67.42659412307933,51.45997619628906,97.34480646059593,85.41043491777978,112.43054962158203,95.3403639793396,81.29255994593912,61.193904876708984,94.69544822658683,81.27559817501958,120.62240600585938,90.53683837254842,67.96657134623484,28.567058563232422,98.49806033234903,95.51809325959407,49.08907699584961,91.11034234364827,90.21164312628076,85.67421780394847,0.3777182563910174,87.11112744344076,18.734276389362535,98.52728917896566,93.25216413264273
selftouch_contrastive_gru,Contrastive GRU,skilled-fog-3,history-2step,True,2,500.0,model_weight/selftouch_contrastive_gru/skilled-fog-3/epoch499.pth,True,48.66259956359863,96.54272267393641,86.24858730787386,99.73107814788818,90.48192898432414,90.48192898432414,76.75470101331197,140.4972801208496,0.5656394958496094,22.224390029907227,22.196882247924805,3.1861143668492633,0.5743326544761658,8.120392775535583,1.2474486186630107,4.4621773560841875,6.509601000030647,3.577043005479982,86.24858730787386,500.0,96.54272267393641,500.0,48.66259956359863,500.0,54.88678741455078,95.64331662489558,83.58823109896628,117.18761444091797,93.63365332285562,67.54814913715411,50.56935119628906,97.39576719576719,86.02800262038795,108.78740692138672,91.38280073801677,81.89071979682615,61.34484100341797,94.56426591046008,79.73776291114739,124.2758560180664,89.29222265879314,67.13307175633437,27.84941864013672,98.56754096462278,95.6403526009938,48.67343521118164,87.61903921763103,90.44686336293326,85.67421780394847,0.3777182563910174,87.11112744344076,18.734276389362535,98.52728917896566,93.25216413264273
selftouch_contrastive_transformer,Contrastive Transformer,devout-cloud-8,history-2step,True,2,500.0,model_weight/selftouch_contrastive_transformer/devout-cloud-8/epoch499.pth,True,58.21199035644531,95.08959137262451,82.36381652483404,116.04983329772949,94.46252092719078,94.46252092719078,72.61131021764689,157.46603202819824,0.5652019381523132,22.508241653442383,22.478530883789062,3.12808244228363,0.5790122747421265,8.119699275493621,1.4568987786646104,3.903906206289927,5.573276190770176,2.6796001640335216,82.36381652483404,500.0,95.08959137262451,500.0,58.21199035644531,500.0,68.3684310913086,93.89067112225007,78.6330673312964,140.06080627441406,97.4357255299886,61.224784983922476,60.775630950927734,95.06518147219901,78.65960494320642,134.36363220214844,87.88829565048218,75.46616368267452,69.8949203491211,93.08215203790796,76.93632280492935,136.6288299560547,94.56903378168742,63.73545255037574,33.80897903442383,98.32036085814096,95.22627101990399,53.14606475830078,97.95702874660492,90.01883965361479,85.67421780394847,0.3777182563910174,87.11112744344076,18.734276389362535,98.52728917896566,93.25216413264273
selftouch_transformer,Transformer,misty-meadow-8,history-2step,True,2,500.0,model_weight/selftouch_transformer/misty-meadow-8/epoch499.pth,True,56.97803020477295,95.18767527404519,82.34856804573528,115.30052471160889,95.15835210680962,95.15835210680962,72.30854200665193,159.14056396484375,0.5620819330215454,22.41940689086914,22.390045166015625,3.1263364632924397,0.29714205861091614,7.7764275709788,2.246502050900974,4.262396613756816,3.461571543128578,1.8973481960754741,82.34856804573528,500.0,95.18767527404519,500.0,56.97803020477295,500.0,65.29315185546875,93.98525480367586,78.59234124332805,137.89871215820312,98.37816506624222,60.88237257585367,60.70832824707031,95.09518240044555,78.3722505357361,135.658935546875,88.67572704950967,74.58841701135427,68.37568664550781,93.37402825345791,77.14824529537357,135.1665802001953,95.19526680310567,63.78089601205914,33.53495407104492,98.29623563860146,95.28143510850342,52.47787094116211,98.38424950838089,89.98248242734064,85.67421780394847,0.3777182563910174,87.11112744344076,18.734276389362535,98.52728917896566,93.25216413264273
selftouch_transformer,Transformer,magic-sea-7,history-2step,True,2,500.0,model_weight/selftouch_transformer/magic-sea-7/epoch499.pth,True,57.246015548706055,95.11883617442831,82.22615550395017,115.80918312072754,96.06664612889291,96.06664612889291,72.67565903734175,157.57890510559082,0.5620973110198975,22.29059410095215,22.262731552124023,3.135557428995768,0.32214421033859253,8.213052113850912,2.480657559024337,4.9772102038065595,3.3108367110054373,2.0064076098291204,82.22615550395017,500.0,95.11883617442831,500.0,57.246015548706055,500.0,66.19074249267578,94.01652742968533,79.05402869218585,137.16903686523438,97.66076068083446,62.0943066635513,60.96614074707031,95.17358210340666,78.41222255532239,135.30384826660156,93.88498107592265,74.41613509278719,69.14460754394531,93.02572500307875,76.29028396556373,137.58621215820312,96.48474454879761,63.986610804460106,32.68257141113281,98.25951016154248,95.14808680272873,53.177635192871094,96.23609821001689,90.2055835885684,85.67421780394847,0.3777182563910174,87.11112744344076,18.734276389362535,98.52728917896566,93.25216413264273
selftouch_transformer,Transformer,rural-pine-6,history-2step,True,2,500.0,model_weight/selftouch_transformer/rural-pine-6/epoch499.pth,True,57.0267539024353,95.08097865510607,81.92860714220296,116.4734296798706,93.7436138590177,93.7436138590177,71.7788910075205,161.4686679840088,0.5660547018051147,22.484066009521484,22.4555721282959,3.124228858947754,0.3057045638561249,7.77158408164978,2.63601642953498,4.249860167503357,2.9482305172964214,1.6122282546824167,81.92860714220296,500.0,95.08097865510607,500.0,57.0267539024353,500.0,65.44478607177734,93.83318017265385,79.45734833754983,133.73504638671875,95.09605209032695,63.06758124993046,61.9075927734375,94.95763482781027,76.56151804847717,140.96762084960938,96.76551421483359,71.3889487089995,68.80543518066406,93.25881103821972,76.5796193400797,137.4622802734375,90.8527716000875,62.94096783489614,31.949201583862305,98.27428858174038,95.11594284270515,53.7287712097168,92.26011753082275,89.71806623625586,85.67421780394847,0.3777182563910174,87.11112744344076,18.734276389362535,98.52728917896566,93.25216413264273
selftouch_transformer,Transformer,sweet-snowflake-9,history-2step,True,2,500.0,model_weight/selftouch_transformer/sweet-snowflake-9/epoch499.pth,True,57.903472900390625,95.05516930639682,81.89737689066769,116.79139709472656,95.19942621390024,95.19942621390024,71.97231438747576,160.62939262390137,0.5666803121566772,22.59321403503418,22.56403923034668,3.094762126604716,0.31712397933006287,7.742121764024099,2.5122599122655944,3.7331684629122415,3.0817359805109237,1.4859801904595187,81.89737689066769,500.0,95.05516930639682,500.0,57.903472900390625,500.0,67.38815307617188,93.71903369534948,78.28567567770463,138.90725708007812,94.98722712198894,61.37304315898394,62.04812240600586,95.05597326649958,78.02627049953921,136.2774200439453,91.5891726811727,74.15696962045996,68.7354965209961,93.14656717047156,76.10940215351314,138.37026977539062,98.31619580586751,62.79266697701226,33.44211959838867,98.29910309326671,95.16815923191376,53.61064147949219,95.90510924657187,89.56657779344688,85.67421780394847,0.3777182563910174,87.11112744344076,18.734276389362535,98.52728917896566,93.25216413264273
selftouch_contrastive_transformer,Contrastive Transformer,revived-dream-9,history-2step,True,2,500.0,model_weight/selftouch_contrastive_transformer/revived-dream-9/epoch499.pth,True,57.034605979919434,95.1038391980035,81.74360034924078,117.08012294769287,95.38533091545105,95.38533091545105,71.70491692967906,160.9082908630371,0.5597423911094666,22.304344177246094,22.27574920654297,3.0818021059036256,0.5900290012359619,8.316361347834269,1.4731102419825288,4.812577883402507,5.645443980242791,3.2669502568427493,81.74360034924078,500.0,95.1038391980035,500.0,57.034605979919434,500.0,66.53889465332031,93.86566416040101,78.2267448407366,140.5803985595703,97.94445117314656,60.010069316955395,60.30061340332031,95.32919335375476,78.02760290019208,135.12103271484375,91.0990858078003,74.3314793224568,69.1187973022461,92.92495293124355,75.47371020694541,140.04205322265625,97.34490513801575,62.277493294318454,32.180118560791016,98.29554634661461,95.24634344908903,52.57700729370117,95.1528815428416,90.20062578498556,85.67421780394847,0.3777182563910174,87.11112744344076,18.734276389362535,98.52728917896566,93.25216413264273
selftouch_contrastive_transformer,Contrastive Transformer,stilted-bush-6,history-2step,True,2,500.0,model_weight/selftouch_contrastive_transformer/stilted-bush-6/epoch499.pth,True,57.39211463928223,95.05136547557157,81.67046588827989,116.38414859771729,94.77766868968806,94.77766868968806,72.19645420289257,159.919771194458,0.5637944936752319,22.349971771240234,22.320579528808594,3.140422320365906,0.6231037378311157,8.306643072764079,1.4990174996966736,4.6349761088689165,5.541391661168017,3.092009339321792,81.67046588827989,500.0,95.05136547557157,500.0,57.39211463928223,500.0,64.80658721923828,94.02568922305764,79.34314638119618,134.03404235839844,98.45371872186661,62.64923172780578,61.809593200683594,94.82348463751973,76.50244828619967,139.88433837890625,92.11096604665121,72.94505543467767,70.05853271484375,93.06482230365644,75.59862816816948,138.97799682617188,92.62038071950278,63.11099288421893,32.89374542236328,98.2914657380525,95.23764071755426,52.64021682739258,95.9256092707316,90.0805367648679,85.67421780394847,0.3777182563910174,87.11112744344076,18.734276389362535,98.52728917896566,93.25216413264273
selftouch_transformer,Transformer,volcanic-resonance-10,history-2step,True,2,500.0,model_weight/selftouch_transformer/volcanic-resonance-10/epoch499.pth,True,57.25034141540527,95.12144788190238,81.51730221343695,118.45364379882812,95.20943500101566,95.20943500101566,71.43498724642347,161.9448471069336,0.5589151382446289,22.274410247802734,22.24452018737793,3.093440230687459,0.2778889536857605,7.387556989987691,2.079276829066863,4.0167505741119385,3.552945373465772,1.9318017293130585,81.51730221343695,500.0,95.12144788190238,500.0,57.25034141540527,500.0,67.9183120727539,93.77032859927597,77.03958876035043,145.46243286132812,98.39524577061334,58.813712073166656,60.50308609008789,95.16268448900028,77.42180473668432,136.87945556640625,86.76413853963216,73.73517595776123,66.85620880126953,93.31976466176508,76.53173663910265,137.03993225097656,98.42868328094482,63.08793864024296,33.723758697509766,98.23301377756823,95.0760787176104,54.43275451660156,97.24967241287231,90.10312231452305,85.67421780394847,0.3777182563910174,87.11112744344076,18.734276389362535,98.52728917896566,93.25216413264273
selftouch_contrastive_transformer,Contrastive Transformer,treasured-thunder-7,history-2step,True,2,500.0,model_weight/selftouch_contrastive_transformer/treasured-thunder-7/epoch499.pth,True,57.36019229888916,95.09990977978016,81.41448733648643,118.77073383331299,93.46927404403687,93.46927404403687,71.0531506721939,164.35297012329102,0.5691237449645996,22.578550338745117,22.549819946289062,3.1430341720581056,0.5600330233573914,8.201187944412231,0.8933321439051549,4.173491994539897,9.180446489433555,4.671825617172684,81.41448733648643,500.0,95.09990977978016,500.0,57.36019229888916,500.0,66.17362213134766,93.78979392926762,77.3695263762415,141.293212890625,97.18723634878795,58.59035125783014,60.45101547241211,95.31378446115288,77.67074159199672,138.42581176757812,87.2536547978719,73.72292314889762,69.94207000732422,93.04815824421611,75.43337998246315,140.52999877929688,98.21739971637726,62.14049788299971,32.874061584472656,98.24790248448404,95.18430139524438,54.83391189575195,91.21880531311035,89.75883039904811,85.67421780394847,0.3777182563910174,87.11112744344076,18.734276389362535,98.52728917896566,93.25216413264273
selftouch_contrastive_transformer,Contrastive Transformer,lucky-bird-10,history-2step,True,2,500.0,model_weight/selftouch_contrastive_transformer/lucky-bird-10/epoch499.pth,True,57.48057460784912,95.07783163487028,81.21084339983189,118.38649845123291,93.63372713327408,93.63372713327408,71.19166401931325,163.13456916809082,0.5652300119400024,22.482383728027344,22.451059341430664,3.0941676060358683,0.5922931432723999,8.406564156214396,1.592945580788427,4.479420185089111,5.277370587922768,2.8120359157982198,81.21084339983189,500.0,95.07783163487028,500.0,57.48057460784912,500.0,65.68704986572266,93.88015873015873,78.56418956961721,136.39505004882812,95.4023293654124,61.694037406678014,61.13320541381836,95.03137473312911,75.5120304675616,144.58860778808594,94.44674094518025,70.61070969754127,69.06339263916016,93.143205512675,75.55716507221301,140.14483642578125,93.26931238174438,62.275054864667155,34.03865051269531,98.25658756351827,95.20998848993571,52.41749954223633,91.41652584075928,90.18685410836656,85.67421780394847,0.3777182563910174,87.11112744344076,18.734276389362535,98.52728917896566,93.25216413264273
selftouch_contrastive_mamba,Contrastive Mamba,vague-wind-5,no-history,False,1,500.0,model_weight/selftouch_contrastive_mamba/vague-wind-5/epoch499.pth,True,84.49135494232178,89.97478328531778,68.56190370466584,181.10794258117676,89.7521983583768,89.7521983583768,54.782582562066935,258.99953842163086,0.5715711116790771,22.98622703552246,22.93235969543457,3.0565813620885214,0.6091319918632507,8.86765710512797,0.8793442665763274,3.854670604070028,10.084397479105249,4.383573931832125,68.56190370466584,500.0,89.97478328531778,500.0,84.49135494232178,500.0,109.0856704711914,85.70267335004176,59.88255121727837,235.08265686035156,83.49199295043945,39.692023543286936,82.39688110351562,89.7793743618305,57.1742002820248,216.46197509765625,93.87039939562479,51.64484676562976,95.32664489746094,88.79566113158062,66.93820337157655,190.1415557861328,89.49144124984741,47.520560395468955,51.15622329711914,95.62142429781827,90.25265994778361,82.7455825805664,92.15495983759561,80.27289954388208,85.67421780394847,0.3777182563910174,87.11112744344076,18.734276389362535,98.52728917896566,93.25216413264273
selftouch_mamba,Mamba,playful-deluge-4,no-history,False,1,500.0,model_weight/selftouch_mamba/playful-deluge-4/epoch499.pth,True,83.53825664520264,90.05921634817844,68.42356940036358,179.75896644592285,94.19695258140564,94.19695258140564,53.92784471563819,258.9309310913086,0.5842363834381104,23.2475528717041,23.188400268554688,3.0573944807052613,0.31058448553085327,7.743408807118734,2.6645471777927834,4.1416248480478925,2.9060880856810725,1.5543447241488395,68.61567571764155,450.0,90.05921634817844,500.0,83.53825664520264,500.0,103.41963195800781,86.66083263714842,61.16270165982268,223.13194274902344,94.95662172635396,39.16018558696886,82.70165252685547,89.88831337603267,56.36143588377025,221.8698272705078,97.87336309750874,49.48760981115822,96.73582458496094,88.22734126152034,66.40960554170515,188.83416748046875,93.00736506779988,47.48753075746492,51.29591751098633,95.4603781180123,89.7605345161562,85.1999282836914,90.95046043395996,79.57605270696075,85.67421780394847,0.3777182563910174,87.11112744344076,18.734276389362535,98.52728917896566,93.25216413264273
selftouch_mamba,Mamba,electric-field-1,no-history,False,1,500.0,model_weight/selftouch_mamba/electric-field-1/epoch499.pth,True,83.70439910888672,90.05164247762582,68.2900383776706,180.0956745147705,90.72402824958165,90.72402824958165,54.33633120122867,257.55713272094727,0.5775293111801147,23.082582473754883,23.028078079223633,3.1085800488789874,0.36773279309272766,9.186520036061605,2.104413098720617,5.81233278910319,4.36535965378973,2.7619732991762938,68.42218657493211,450.0,90.05164247762582,500.0,83.70439910888672,500.0,106.6543960571289,85.98582567529935,59.78402035929042,228.86534118652344,91.91523790359497,39.72929670549751,81.40141296386719,90.18178780284043,56.72451506167905,219.5960235595703,88.73613039652506,49.9034627180443,96.52218627929688,88.39373777515945,66.52500738254578,189.89825439453125,94.2360254128774,47.38733346633859,50.239601135253906,95.64521865720407,90.12661070716712,82.02307891845703,88.00871928532918,80.32523191503427,85.67421780394847,0.3777182563910174,87.11112744344076,18.734276389362535,98.52728917896566,93.25216413264273
selftouch_contrastive_mamba,Contrastive Mamba,frosty-river-2,no-history,False,1,500.0,model_weight/selftouch_contrastive_mamba/frosty-river-2/epoch499.pth,True,84.47871017456055,89.98793671530996,68.08389975738459,181.75768280029297,90.28633157412212,90.28633157412212,54.08663617772264,260.0947742462158,0.5859466791152954,23.2467041015625,23.190797805786133,3.097028382619222,0.6024934649467468,8.788661678632101,0.8665850023581241,3.4854589700698853,10.141719109743036,4.022062418095586,68.15561985743666,400.0,89.98793671530996,500.0,84.47871017456055,500.0,107.98413848876953,85.8115566694514,59.779703769321436,231.81407165527344,92.21599817276001,39.63444485240941,80.39488983154297,90.54857514155759,56.450928794288444,218.97959899902344,79.43854173024496,49.020517885387974,98.59400939941406,88.00912196382946,65.79770389609605,194.37252807617188,96.07946515083313,47.1399436944426,50.941802978515625,95.58249308640137,90.3072625698324,81.86453247070312,93.41132124265035,80.5516382786506,85.67421780394847,0.3777182563910174,87.11112744344076,18.734276389362535,98.52728917896566,93.25216413264273
selftouch_mamba,Mamba,devoted-capybara-5,no-history,False,1,500.0,model_weight/selftouch_mamba/devoted-capybara-5/epoch499.pth,True,85.893235206604,89.67258332865475,68.02806452995827,182.00686836242676,92.03682164351144,92.03682164351144,54.09062727749587,259.532901763916,0.5804416537284851,23.21863555908203,23.163841247558594,3.076354209582011,0.34258022904396057,8.669841400782268,2.18021588018195,4.727095405260722,3.9765976752993497,2.1681776782885476,68.02806452995827,500.0,89.69036771486613,450.0,85.85359001159668,450.0,108.99992370605469,85.64427736006684,59.557680902655264,231.46060180664062,83.4052006403605,40.38296783381733,82.74647521972656,89.80426993409449,55.48849138936078,221.5213623046875,95.162304242452,48.476196134053154,99.47074890136719,87.78270377138064,66.94129988693943,191.9968719482422,97.99087762832642,47.46070803130057,52.35579299926758,95.45908224907704,90.12478594087757,83.04863739013672,91.58890406290689,80.04263711081242,85.67421780394847,0.3777182563910174,87.11112744344076,18.734276389362535,98.52728917896566,93.25216413264273
selftouch_mamba,Mamba,sparkling-fire-2,no-history,False,1,500.0,model_weight/selftouch_mamba/sparkling-fire-2/epoch499.pth,True,85.74924850463867,89.72731440664045,67.78969420424154,183.7474594116211,93.9469806353251,93.9469806353251,53.75697180134428,263.95604705810547,0.5830396413803101,23.301197052001953,23.247880935668945,3.0629425684611005,0.3140982389450073,8.255714360872904,2.1598185013695015,4.05659019947052,3.8224111681783013,1.8782088387974778,67.78969420424154,500.0,89.72731440664045,500.0,85.74924850463867,500.0,109.52806091308594,85.52549429128376,59.564249626521125,233.7644805908203,95.82492510477701,39.40079219377594,82.16368103027344,89.95473869859835,55.60507644648746,221.31292724609375,95.97868641217549,49.30307508372753,98.97122955322266,88.0137262146069,66.4874715743666,193.37948608398438,88.36392561594644,47.25366318636253,52.334022521972656,95.41529842207278,89.50197916959097,86.53294372558594,95.62038540840149,79.07035674151113,85.67421780394847,0.3777182563910174,87.11112744344076,18.734276389362535,98.52728917896566,93.25216413264273
selftouch_mamba,Mamba,clear-cherry-3,no-history,False,1,500.0,model_weight/selftouch_mamba/clear-cherry-3/epoch499.pth,True,87.60559368133545,89.48926564412609,67.67520214667584,188.14621925354004,91.40641808509827,91.40641808509827,54.01338149030492,270.3431091308594,0.5752518177032471,23.166704177856445,23.112985610961914,3.058187484741211,0.3411422371864319,8.724097490310669,2.125499537938655,4.652362823486328,4.1044927719774735,2.1888326675423637,67.67520214667584,500.0,89.48926564412609,500.0,87.60559368133545,500.0,115.08832550048828,84.86581732108048,58.38394378673794,249.7076416015625,88.54984919230144,39.24780533395641,83.10771179199219,89.92065348556577,56.10694735907087,222.79429626464844,87.40391413370769,49.2076516934867,99.87684631347656,87.83676766063012,66.05411047309468,196.84408569335938,94.47768449783325,47.43809713817029,52.349491119384766,95.33382410922796,90.15580696779989,83.23885345458984,95.19422451655069,80.15997179560628,85.67421780394847,0.3777182563910174,87.11112744344076,18.734276389362535,98.52728917896566,93.25216413264273
selftouch_contrastive_mamba,Contrastive Mamba,lucky-wildflower-3,no-history,False,1,500.0,model_weight/selftouch_contrastive_mamba/lucky-wildflower-3/epoch499.pth,True,86.74796199798584,89.53444486078412,67.55227211086341,187.81154441833496,91.89586088061333,91.89586088061333,53.364029541313,270.7318801879883,0.5801868438720703,23.16165542602539,23.096757888793945,3.0731745878855388,0.6348882913589478,9.027858742078145,0.9550629387736519,3.9689685901006064,9.452632256540456,4.155714172300476,67.63119316488842,450.0,89.53444486078412,500.0,86.74796199798584,500.0,110.69550323486328,85.57190197716513,59.27625800445922,240.1757049560547,91.58631642659505,39.19189559064054,82.91529083251953,89.87654320987654,56.72096199327138,220.45069885253906,87.33791669209798,49.98663329942152,100.62400817871094,87.44051363468432,65.47755441748126,200.65469360351562,97.94854740301768,46.157478220389706,52.75704574584961,95.24882062141052,88.73431402824177,89.96508026123047,90.7106630007426,78.12011105480026,85.67421780394847,0.3777182563910174,87.11112744344076,18.734276389362535,98.52728917896566,93.25216413264273
selftouch_contrastive_mamba,Contrastive Mamba,different-leaf-4,no-history,False,1,500.0,model_weight/selftouch_contrastive_mamba/different-leaf-4/epoch499.pth,True,84.09741115570068,90.03899018634218,67.52326027364545,183.7902488708496,88.18114757537842,88.18114757537842,53.94224586750806,261.78891372680664,0.5803133249282837,23.139022827148438,23.085508346557617,3.0916842142740886,0.6170655488967896,8.852584870656331,0.9500625780304008,5.246273318926494,9.317896605304519,5.522029222330468,67.52326027364545,500.0,90.03899018634218,500.0,84.09741115570068,500.0,107.64149475097656,85.74065719855194,58.605966653404096,234.13922119140625,83.86027971903482,38.963806090545965,81.03893280029297,90.36912652000372,54.686830329880195,226.8890838623047,88.57911984125772,48.15391013121644,97.18632507324219,88.40062750945535,66.35500113664772,192.55221557617188,93.0233875910441,47.722285030258696,50.522891998291016,95.64554951735775,90.44524297464979,81.58047485351562,87.261803150177,80.92898221801114,85.67421780394847,0.3777182563910174,87.11112744344076,18.734276389362535,98.52728917896566,93.25216413264273
selftouch_contrastive_mamba,Contrastive Mamba,deft-thunder-1,no-history,False,1,500.0,model_weight/selftouch_contrastive_mamba/deft-thunder-1/epoch499.pth,True,85.91513061523438,89.60741416288081,66.9989839456621,186.42711067199707,88.29851865768433,88.29851865768433,52.81084654852551,267.46663665771484,0.5820977687835693,23.22378921508789,23.168920516967773,3.057275652885437,0.6849786043167114,9.465923754374186,0.9787722531136781,4.63296381632487,9.671222007224983,4.733444171089289,67.10865962700402,450.0,89.60741416288081,500.0,85.91513061523438,500.0,111.08956146240234,85.11101364522418,58.280814822043894,240.0734405517578,83.51656913757324,38.70511921848749,81.90552520751953,89.93862433862434,54.89535103205534,223.41229248046875,92.58141994476318,47.73360165747087,98.08560943603516,88.10839626733944,65.98228642162908,192.68447875976562,86.58719539642334,47.096051960719116,52.57982635498047,95.27162240033527,88.83748350692008,89.5382308959961,90.50889015197754,77.70861335742458,85.67421780394847,0.3777182563910174,87.11112744344076,18.734276389362535,98.52728917896566,93.25216413264273
selftouch_gru_attention,GRU-Attention,tough-cloud-10,no-history,False,1,500.0,model_weight/selftouch_gru_attention/tough-cloud-10/epoch499.pth,True,88.44525146484375,89.07523049754691,65.09438560955395,192.823335647583,91.28125568230946,91.28125568230946,50.70227762783184,274.5134906768799,0.5641351938247681,22.853879928588867,22.789133071899414,2.9428656816482546,0.43688803911209106,13.781167650222779,3.226805721010481,7.408891240755717,4.270838978774085,2.2960450306985347,65.12951425422007,450.0,89.12369489587944,450.0,88.24825859069824,450.0,111.69342803955078,84.56854636591478,53.31523493510101,253.51869201660156,89.35537020365398,33.72553601032522,86.6724624633789,89.1085862805161,50.82375670364079,240.82974243164062,84.1488774617513,43.32407565552528,101.68293762207031,87.4513974178474,65.81394172055988,195.36441040039062,93.5274608929952,45.214470971603376,53.732177734375,95.17239192590938,90.42460907891412,81.58049774169922,98.0933141708374,80.54502787387348,85.67421780394847,0.3777182563910174,87.11112744344076,18.734276389362535,98.52728917896566,93.25216413264273
selftouch_fcn,FCN,sandy-plasma-2,no-history,False,1,500.0,model_weight/selftouch_fcn/sandy-plasma-2/epoch499.pth,True,89.29850196838379,89.10878588533265,64.8675298010774,197.45324325561523,89.00379051764806,89.00379051764806,49.72550970250553,286.34485244750977,0.5815429091453552,23.097618103027344,23.03507423400879,3.099267530441284,0.3377229869365692,9.013521019617716,1.805751541152943,4.799531062444051,4.99156213587542,2.657913313688564,64.8675298010774,500.0,89.10878588533265,500.0,89.29850196838379,500.0,113.8256607055664,84.86681982734613,53.489024600809266,262.7270202636719,84.29194450378418,32.01124870656564,85.10360717773438,89.26787338717163,52.31293650000555,234.60899353027344,82.99759070078532,44.6852513311006,104.6978759765625,86.90737467839585,63.875900727227965,208.46099853515625,94.58209951718648,42.64325774201414,53.566864013671875,95.39307564841697,89.7922573762668,84.01596069335938,94.14352734883626,79.56228103034175,85.67421780394847,0.3777182563910174,87.11112744344076,18.734276389362535,98.52728917896566,93.25216413264273
selftouch_contrastive_gru,Contrastive GRU,comfy-mountain-10,no-history,False,1,500.0,model_weight/selftouch_contrastive_gru/comfy-mountain-10/epoch499.pth,True,91.91139221191406,88.5431141789694,64.67357500892598,200.31739044189453,86.3331208129724,86.3331208129724,50.887737179849836,285.5247268676758,0.5646300911903381,22.990928649902344,22.93480682373047,2.909218168258667,0.6380820274353027,8.919084358215333,1.1643032329435463,3.9389487902323403,7.6604479879923115,3.383095295779642,64.67357500892598,500.0,88.62134520517857,450.0,91.87135982513428,450.0,121.27462005615234,83.29605959342801,51.84280856111165,273.5349426269531,71.97980880737305,32.68494720562546,87.64237976074219,88.79101457347072,51.526375981257566,242.4844970703125,88.2805887858073,44.91842599674744,104.0780029296875,87.21594823712668,64.53878158917699,204.03707885742188,87.35607544581096,44.9772782691583,54.65056610107422,94.86943431185225,90.78633390415766,81.21304321289062,97.71601021289825,80.97029724786815,85.67421780394847,0.3777182563910174,87.11112744344076,18.734276389362535,98.52728917896566,93.25216413264273
selftouch_gru_attention,GRU-Attention,cosmic-yogurt-8,no-history,False,1,500.0,model_weight/selftouch_gru_attention/cosmic-yogurt-8/epoch499.pth,True,88.13731956481934,89.34709924346937,64.61516119130289,196.40660285949707,83.52333962917328,83.52333962917328,49.34578012775185,281.46855545043945,0.5634942054748535,22.907926559448242,22.849374771118164,2.921906344095866,0.3731086254119873,13.068637545903524,3.1667317828268704,7.3335864543914795,4.126853311914356,2.315821786411273,64.69573731001222,400.0,89.34709924346937,500.0,88.13731956481934,500.0,112.79317474365234,84.69507101086049,53.78198968522675,253.052490234375,84.09024874369302,33.40843597360838,85.05195617675781,89.57582846003899,50.13357316545085,244.3272247314453,79.45879141489665,42.18419313397147,100.38536071777344,87.79183461087425,64.81641062512603,200.4203338623047,79.42346731821695,43.5767329476181,54.31878662109375,95.32566289210375,89.72867128940794,87.82636260986328,91.12085103988647,78.21375845580944,85.67421780394847,0.3777182563910174,87.11112744344076,18.734276389362535,98.52728917896566,93.25216413264273
selftouch_transformer,Transformer,classic-bird-3,no-history,False,1,500.0,model_weight/selftouch_transformer/classic-bird-3/epoch499.pth,True,91.08489608764648,88.6084649793608,64.58671686716293,200.07626914978027,93.75089198350906,93.75089198350906,49.06801385207707,290.2379379272461,0.5687227249145508,23.09016227722168,23.01485252380371,3.010092027982076,0.32492440938949585,8.455477205912272,2.4939272694314436,4.338940620422363,3.3904265411235994,1.7398023886284137,64.6165253895662,400.0,88.68170646936102,450.0,90.97634506225586,450.0,115.55439758300781,84.42822333611807,53.98543244724377,261.63177490234375,90.84908485412598,31.79066947049857,85.80824279785156,89.20876264735914,51.7813086395079,241.5692596435547,97.79543558756511,44.62807155640377,105.88813018798828,86.66991737866135,63.28673203586822,210.05897521972656,90.85843880971272,41.279288865243515,57.08881378173828,94.12695655530466,89.29339434603185,87.0450668334961,95.50060868263245,78.57402551616244,85.67421780394847,0.3777182563910174,87.11112744344076,18.734276389362535,98.52728917896566,93.25216413264273
selftouch_contrastive_gru,Contrastive GRU,devout-field-7,no-history,False,1,500.0,model_weight/selftouch_contrastive_gru/devout-field-7/epoch499.pth,True,90.5176887512207,88.6998050149044,64.56028732133676,198.21100997924805,89.4011894861857,89.4011894861857,49.945449650564655,282.2213134765625,0.5670963525772095,22.846206665039062,22.789670944213867,2.9134395837783815,0.6452373266220093,9.301008192698161,0.9460416933849602,5.050847053527832,9.831499243356735,5.338926485846282,64.56028732133676,500.0,88.6998050149044,500.0,90.43670177459717,450.0,117.91213989257812,83.44292676134782,52.30824956646423,264.0283203125,77.5546089808146,33.32304149003638,87.78804779052734,88.91354311705189,51.48396122714101,239.7074432373047,91.38432661692302,44.25528912915946,102.73080444335938,87.18532719581158,64.53568507381414,203.19119262695312,90.83437283833821,43.36392454168606,53.63976287841797,95.25742298540632,89.91325341792763,85.91708374023438,97.83144950866699,78.83954344137672,85.67421780394847,0.3777182563910174,87.11112744344076,18.734276389362535,98.52728917896566,93.25216413264273
selftouch_gru_attention,GRU-Attention,fiery-universe-7,no-history,False,1,500.0,model_weight/selftouch_gru_attention/fiery-universe-7/epoch499.pth,True,89.21809673309326,89.09947107852204,64.47792483554528,197.9539737701416,88.07172685861588,88.07172685861588,49.740610092502905,283.63484954833984,0.5717806816101074,22.975919723510742,22.915014266967773,2.9937973896662395,0.40510350465774536,12.551399701833725,3.546323269531378,6.414936820665996,3.5392711684437907,1.8088979298025711,64.47792483554528,500.0,89.09947107852204,500.0,89.21809673309326,500.0,115.67879486083984,84.07685881370092,52.249318729496196,260.6383972167969,83.83366107940674,33.159484628992956,83.9759521484375,89.7270955165692,51.571677603455356,241.3867645263672,81.94012641906738,43.33707105886546,101.80378723144531,87.65945408008734,64.29128693444224,203.95318603515625,92.29435046513875,43.52663430205493,55.41385269165039,94.93447590373071,89.79941607478735,85.8375473022461,94.21876947085063,78.93925038009827,85.67421780394847,0.3777182563910174,87.11112744344076,18.734276389362535,98.52728917896566,93.25216413264273
selftouch_contrastive_gru,Contrastive GRU,wise-shadow-9,no-history,False,1,500.0,model_weight/selftouch_contrastive_gru/wise-shadow-9/epoch499.pth,True,87.7721118927002,89.41735789787079,64.44509017929892,196.88794136047363,86.94110006093979,86.94110006093979,49.99778599970419,281.39287185668945,0.569672167301178,22.978195190429688,22.912492752075195,2.9336317936579386,0.672551155090332,8.993485720952352,1.315546082651422,5.249065240224202,6.836313709989086,3.9900276466522215,64.44509017929892,500.0,89.46513690192006,450.0,87.58717823028564,450.0,114.1434555053711,84.66417432470064,53.41057527006839,260.34759521484375,81.52764320373535,33.790346807303315,83.06597900390625,89.80523531049846,50.36008127643983,238.01231384277344,79.18402036031087,42.42850671676704,100.31222534179688,87.90270275067927,64.18698723404897,203.9675750732422,97.5191573301951,44.25683314490922,53.56678771972656,95.29731920560477,89.8227169366385,85.22428131103516,89.53357934951782,79.51545732983718,85.67421780394847,0.3777182563910174,87.11112744344076,18.734276389362535,98.52728917896566,93.25216413264273
selftouch_contrastive_fcn,Contrastive FCN,clean-pine-1,no-history,False,1,500.0,model_weight/selftouch_contrastive_fcn/clean-pine-1/epoch499.pth,True,87.32842540740967,89.48813849331859,64.34228423781667,197.4202651977539,89.5468881726265,89.5468881726265,49.05946909017943,283.91037368774414,0.5753501653671265,22.980268478393555,22.922630310058594,3.051940600077311,0.6622651815414429,9.428787008921306,0.9219324306114592,5.893343210220337,10.227199625321555,6.392380845428831,64.39592124298403,450.0,89.48813849331859,500.0,87.32842540740967,500.0,109.93331909179688,85.47410192147035,53.41686247719715,256.2398986816406,83.44972292582193,31.674121299108783,84.34978485107422,89.46687088090597,51.56412733308906,237.4696044921875,90.80420176188152,43.7336165093604,102.92353057861328,87.32450870425289,62.775278327640024,210.5198974609375,95.68934241930643,42.037418811376384,52.1070671081543,95.68707246664516,89.61286881334044,85.45166015625,88.2442855834961,78.79271974087213,85.67421780394847,0.3777182563910174,87.11112744344076,18.734276389362535,98.52728917896566,93.25216413264273
selftouch_gru_attention,GRU-Attention,expert-bird-6,no-history,False,1,500.0,model_weight/selftouch_gru_attention/expert-bird-6/epoch499.pth,True,88.58131694793701,89.36204267005382,64.27008287432074,199.27477645874023,91.42896711826324,91.42896711826324,49.72889172103504,284.52818298339844,0.5713478922843933,23.034048080444336,22.975189208984375,2.953288229306539,0.4395400881767273,13.53321704864502,3.3483516506083384,7.184204975763957,4.041755006881151,2.145594526924527,64.27008287432074,500.0,89.36204267005382,500.0,88.58131694793701,500.0,114.72516632080078,84.52435254803676,52.064549911040714,262.5137939453125,93.93511136372884,32.74280405442994,84.70879364013672,89.53858720876265,50.75624840389506,244.5609130859375,85.59060414632161,42.88557361710343,101.65480041503906,87.78371337817762,64.801909870256,202.5005340576172,97.068612575531,44.788632484316466,53.236507415771484,95.60151754523824,89.45762331209119,87.52386474609375,89.12154038747153,78.49855672829032,85.67421780394847,0.3777182563910174,87.11112744344076,18.734276389362535,98.52728917896566,93.25216413264273
selftouch_contrastive_fcn,Contrastive FCN,blooming-sun-2,no-history,False,1,500.0,model_weight/selftouch_contrastive_fcn/blooming-sun-2/epoch499.pth,True,88.65814399719238,89.20623986756799,64.17323454845794,199.7848358154297,91.06427232424419,91.06427232424419,48.984004964894766,290.0306701660156,0.5833230018615723,23.22144317626953,23.160676956176758,3.060899559656779,0.6828667521476746,9.486102453867595,1.114401369098809,5.4493327140808105,8.512285355086012,4.889919256369509,64.30798642594101,450.0,89.20623986756799,500.0,88.65814399719238,500.0,110.62632751464844,85.29004455583403,53.307633983199075,255.79916381835938,90.50193627675375,31.79317289184107,85.739501953125,89.11894551192798,51.52104637864606,242.23385620117188,82.12248484293619,44.218530702568636,103.74420928955078,87.15973199932101,62.74393555018658,212.30059814453125,96.12605333328247,41.96781272860278,54.52253723144531,95.25623740318893,89.12032228180006,88.80572509765625,95.50661484400432,77.95650353656656,85.67421780394847,0.3777182563910174,87.11112744344076,18.734276389362535,98.52728917896566,93.25216413264273
selftouch_gru_attention,GRU-Attention,stellar-sun-9,no-history,False,1,500.0,model_weight/selftouch_gru_attention/stellar-sun-9/epoch499.pth,True,90.59443187713623,88.97672086930226,64.15502800374529,201.9629077911377,88.17734877268474,88.17734877268474,49.91375202178632,289.0662536621094,0.5651130676269531,22.9135684967041,22.85065269470215,2.9089107473691302,0.4023074507713318,12.994719537099202,3.716775305148375,7.215460697809855,3.4962348999411597,1.9413228149184045,64.17886373837891,400.0,88.97672086930226,500.0,90.58170223236084,400.0,118.07268524169922,84.08656363130046,52.23195853070784,269.88470458984375,86.85321092605591,32.472990865293674,87.46782684326172,89.09494105634457,51.27766119272065,244.08169555664062,76.73443794250488,44.23301129486199,102.1188735961914,87.6554156528994,63.761933856921345,207.268310546875,96.58169428507487,43.56520582563011,54.71834182739258,95.06996313666455,89.34855843463126,86.6169204711914,92.54005193710327,79.38380010135954,85.67421780394847,0.3777182563910174,87.11112744344076,18.734276389362535,98.52728917896566,93.25216413264273
selftouch_fcn,FCN,treasured-bird-1,no-history,False,1,500.0,model_weight/selftouch_fcn/treasured-bird-1/epoch499.pth,True,90.43893146514893,88.94508108898674,64.10370906858338,203.4308910369873,90.04323403040567,90.04323403040567,48.88721304565448,294.89612579345703,0.5807536840438843,23.236858367919922,23.173349380493164,3.0427263577779136,0.29607313871383667,8.029754503568013,2.0686192964497594,4.156429449717204,3.8816975735211274,2.0092771332311465,64.10370906858338,500.0,88.94508108898674,500.0,90.43893146514893,500.0,116.98332214355469,84.501141743247,52.46223922166252,271.5144958496094,83.23315461476643,30.404052204679726,84.26541900634766,89.5080107676599,52.58985376902835,238.0522918701172,88.34635814030966,45.652851934087316,106.11519622802734,86.69362649652018,62.18248444756278,217.0476837158203,95.53957780202231,41.242934095896786,54.391788482666016,95.0775453485198,89.18025883607984,87.10909271240234,93.05384556452432,78.24901394795408,85.67421780394847,0.3777182563910174,87.11112744344076,18.734276389362535,98.52728917896566,93.25216413264273
selftouch_fcn,FCN,feasible-surf-4,no-history,False,1,500.0,model_weight/selftouch_fcn/feasible-surf-4/epoch499.pth,True,90.29464817047119,88.92290148180678,64.09842422884756,200.07701301574707,89.15809323390324,89.15809323390324,48.63139269118618,290.32337188720703,0.5717278718948364,22.987852096557617,22.933446884155273,3.0132478634516398,0.30630549788475037,8.33947598139445,2.2307385623059,5.234131574630737,3.738437180542568,2.3463671014949634,64.09842422884756,500.0,88.95282388070159,450.0,90.29464817047119,500.0,115.6691665649414,84.24933166248955,52.29417372960881,265.6181640625,77.78876781463623,31.79790157659913,86.10773468017578,88.95676227606052,51.82616612815474,236.82846069335938,86.74172242482503,44.26085858773383,102.81281280517578,87.59344132797688,63.718431592311276,207.0543975830078,95.46043038368225,42.14803484737647,56.5888786315918,94.89207066070016,88.5549254653154,90.8070297241211,96.64145231246948,76.31877575303527,85.67421780394847,0.3777182563910174,87.11112744344076,18.734276389362535,98.52728917896566,93.25216413264273
selftouch_contrastive_gru,Contrastive GRU,happy-lake-6,no-history,False,1,500.0,model_weight/selftouch_contrastive_gru/happy-lake-6/epoch499.pth,True,90.22028255462646,89.0564316059885,64.0715986710395,201.6301784515381,90.29713978370032,90.29713978370032,49.81780814302234,287.62999725341797,0.564966082572937,22.87667465209961,22.817426681518555,2.9302072604497273,0.7055744528770447,9.619990634918214,1.0390911137258194,5.440531253814697,9.258081902388975,5.235855818559399,64.0715986710395,500.0,89.0564316059885,500.0,90.22028255462646,500.0,118.89112854003906,83.68912559175718,51.238861321101744,272.54498291015625,89.83971357345581,31.790113154644683,85.7728500366211,89.4306321358953,50.88860020208077,243.32435607910156,88.00107558568318,44.07780904925629,103.38609313964844,87.2667281306409,64.03344538690959,207.05416870117188,96.11024896303813,43.7589501451974,52.831058502197266,95.83924056566057,90.12548777406586,83.59720611572266,87.23752101262411,79.64436022299098,85.67421780394847,0.3777182563910174,87.11112744344076,18.734276389362535,98.52728917896566,93.25216413264273
selftouch_temporal_mixer,Temporal Mixer,eternal-haze-5,no-history,False,1,500.0,model_weight/selftouch_temporal_mixer/eternal-haze-5/epoch499.pth,True,91.41532802581787,88.67606442075126,64.0418808470471,202.12496757507324,96.73346022764842,96.73346022764842,49.06482907785245,293.06726264953613,0.5604574680328369,22.80642318725586,22.739049911499023,2.975904122988383,0.2967413663864136,8.098533707857133,2.057139660284369,4.051170577605565,3.936793336985993,1.969322091163004,64.0418808470471,500.0,88.67606442075126,500.0,91.41532802581787,500.0,116.0645523071289,84.44067112225007,53.99641159999099,266.8001708984375,97.83167282740276,32.07995371452096,88.53014373779297,88.45413533834586,49.4651521712579,244.8728790283203,93.38947057723999,41.8266338934971,104.7838363647461,86.9876883443669,62.21888738426774,213.90676879882812,97.62731035550435,41.83414244862672,56.282779693603516,94.8217628780422,90.48707223267174,82.92005157470703,98.08538715044658,80.518586254765,85.67421780394847,0.3777182563910174,87.11112744344076,18.734276389362535,98.52728917896566,93.25216413264273
selftouch_contrastive_fcn,Contrastive FCN,soft-rain-4,no-history,False,1,500.0,model_weight/selftouch_contrastive_fcn/soft-rain-4/epoch499.pth,True,90.93540859222412,88.82064584362442,63.977301327928885,205.05497932434082,90.565714687109,90.565714687109,48.46692542888009,298.72220611572266,0.5803658366203308,23.142147064208984,23.085975646972656,3.0610339959462483,0.600014328956604,8.862839794158935,0.8791157932104264,4.490713198979695,10.081538589806124,5.108215816007746,63.977301327928885,500.0,88.82064584362442,500.0,90.88978672027588,400.0,116.1463623046875,84.58043720412142,52.32917564392262,272.58026123046875,76.40614986419678,30.76204145665743,85.72489929199219,89.12455212104335,51.558131530151115,241.44789123535156,97.85639584064484,43.52383356972591,108.94599151611328,86.02300350255896,62.5902426535173,220.3486785888672,97.85782297452292,40.945002327591936,52.924381256103516,95.55459054677398,89.43165548412453,85.84308624267578,90.14249006907144,78.63682436154508,85.67421780394847,0.3777182563910174,87.11112744344076,18.734276389362535,98.52728917896566,93.25216413264273
selftouch_contrastive_temporal,Contrastive Temporal,comfy-waterfall-3,no-history,False,1,500.0,model_weight/selftouch_contrastive_temporal/comfy-waterfall-3/epoch499.pth,True,91.97806930541992,88.53549455892677,63.97137206206369,203.433500289917,95.25906831026077,95.25906831026077,48.63632825686956,295.51111602783203,0.5689140558242798,23.039093017578125,22.966920852661133,2.991539144515991,0.5824106931686401,8.64223616917928,1.0064779255427792,5.291885137557983,8.586612731241619,5.257825336511127,63.97137206206369,500.0,88.56459058767379,450.0,91.89880752563477,450.0,119.12852478027344,83.49147869674185,51.74333931400001,268.2938232421875,98.28313847382863,30.577900909020105,86.40106964111328,89.06499582289055,52.385108202036356,241.12083435058594,89.14092461268108,45.536264601263895,105.3414077758789,87.09548328546022,62.628156085521226,214.02920532226562,96.89441879590352,40.42561681186407,57.04127502441406,94.49002043061448,89.12888464669717,90.2901382446289,96.71779135862987,78.0055307053302,85.67421780394847,0.3777182563910174,87.11112744344076,18.734276389362535,98.52728917896566,93.25216413264273
selftouch_contrastive_gru,Contrastive GRU,fresh-deluge-8,no-history,False,1,500.0,model_weight/selftouch_contrastive_gru/fresh-deluge-8/epoch499.pth,True,90.94946193695068,88.8276318214811,63.97122245995553,203.2542839050293,89.44309030969939,89.44309030969939,49.370790203698746,291.0110092163086,0.5544424057006836,22.64994239807129,22.591981887817383,2.93868203163147,0.6529510021209717,9.0404115041097,1.1703364981146547,3.5743881861368814,7.724625796660437,3.05415424700077,63.97122245995553,500.0,88.8276318214811,500.0,90.94946193695068,500.0,119.86200714111328,83.8556530214425,51.73667675122178,273.98699951171875,82.21118132273357,32.14865872247628,86.86490631103516,88.93073424301494,50.01809844220158,247.70042419433594,98.26916754245758,42.121072603461975,103.63584899902344,87.28342547382178,63.877033598702184,207.24856567382812,89.91108338038126,43.45614151758995,53.43508529663086,95.24071454764524,90.25308104769658,84.08114624023438,87.3809289932251,79.75728797126678,85.67421780394847,0.3777182563910174,87.11112744344076,18.734276389362535,98.52728917896566,93.25216413264273
selftouch_contrastive_temporal,Contrastive Temporal,fanciful-waterfall-1,no-history,False,1,500.0,model_weight/selftouch_contrastive_temporal/fanciful-waterfall-1/epoch499.pth,True,91.6947078704834,88.71793018446519,63.96033030335808,204.46289825439453,96.44460981090864,96.44460981090864,48.33479045888703,298.9440231323242,0.5653989315032959,22.84021759033203,22.767051696777344,2.9626896739006043,0.6031596660614014,8.444178295135497,1.2955075851842712,3.625537912050883,6.518046201894224,2.798546263652475,63.96033030335808,500.0,88.71793018446519,500.0,91.6947078704834,500.0,118.60543060302734,84.28955722639934,52.06811578971076,277.6229553222656,98.08059632778168,30.46802852787699,86.13107299804688,88.97577276524645,52.73619577406926,234.5313720703125,93.07636896769206,44.597625182863894,105.8878173828125,86.67662959967426,61.494604888415935,218.9091033935547,98.10415784517924,38.99492363281683,56.154510498046875,94.92976114654071,89.54240476123636,86.78816223144531,96.51731610298157,79.27858449199039,85.67421780394847,0.3777182563910174,87.11112744344076,18.734276389362535,98.52728917896566,93.25216413264273
selftouch_contrastive_temporal,Contrastive Temporal,restful-valley-4,no-history,False,1,500.0,model_weight/selftouch_contrastive_temporal/restful-valley-4/epoch499.pth,True,91.62315845489502,88.60815778778216,63.954208867498075,204.13365364074707,96.95883646607398,96.95883646607398,48.71959787573502,296.366024017334,0.5759517550468445,23.148557662963867,23.08449363708496,2.9950658400853474,0.6154545545578003,8.78234766324361,1.0159165326171737,5.195008675257365,8.644753167485906,5.113617613716886,64.02913674675341,400.0,88.63376286005102,400.0,91.62315845489502,500.0,115.7158432006836,84.53670286828182,53.61683319945648,265.2382507324219,97.47544666131337,32.394828487822245,87.97975158691406,88.80404715492435,50.3032321819171,249.3804931640625,95.01413106918335,41.34914564505469,108.10822296142578,86.02963806151057,61.95923324237634,217.43190002441406,97.59271641572317,41.261998182261536,54.68881607055664,95.0622430664119,89.93753684624238,84.48397064208984,97.75305171807607,79.8724191878016,85.67421780394847,0.3777182563910174,87.11112744344076,18.734276389362535,98.52728917896566,93.25216413264273
selftouch_fcn,FCN,still-energy-3,no-history,False,1,500.0,model_weight/selftouch_fcn/still-energy-3/epoch499.pth,True,90.74022960662842,88.87912022733542,63.850099054609366,204.92370223999023,87.39748070637386,87.39748070637386,48.219739312439856,298.0055618286133,0.5801682472229004,23.12258529663086,23.060815811157227,3.0836836814880373,0.32968950271606445,8.751699860890707,1.8968261513500118,4.5092347462972,4.61386503695235,2.3772525189448075,63.850099054609366,500.0,88.87912022733542,500.0,90.74022960662842,500.0,118.156494140625,84.07141464773044,51.99098020374304,275.3297424316406,81.73661867777507,29.930627413020016,84.544677734375,89.45263157894738,51.673384186624915,238.89442443847656,81.57711346944173,43.86579832619205,105.70580291748047,86.88486377519718,62.48194014058179,217.77267456054688,94.68383113543193,40.965174791070915,54.5539436340332,95.10757090746668,89.25409168748772,87.69796752929688,91.59235954284668,78.11735671947646,85.67421780394847,0.3777182563910174,87.11112744344076,18.734276389362535,98.52728917896566,93.25216413264273
selftouch_contrastive_fcn,Contrastive FCN,young-sunset-3,no-history,False,1,500.0,model_weight/selftouch_contrastive_fcn/young-sunset-3/epoch499.pth,True,91.40962028503418,88.84066870780579,63.74948218089854,206.45246696472168,89.36161478360494,89.36161478360494,48.122136743602695,301.5147399902344,0.5729405879974365,23.008325576782227,22.939239501953125,3.058266202608744,0.7014464735984802,9.479479551315308,1.3026620389776076,5.303947528203328,7.277006059649411,4.07162208577608,63.74948218089854,500.0,88.84066870780579,500.0,91.40962028503418,500.0,120.1976318359375,83.69005847953215,52.123293070184,277.7974548339844,82.80719757080078,30.963705953692266,84.7459487915039,89.47847396268449,51.2900969321475,241.7342529296875,84.24850304921469,42.70400926757907,104.89356994628906,87.2438954846168,62.80193856966668,216.8228759765625,93.6102036635081,40.83017445855778,55.80133056640625,94.95024690438969,88.78260015159597,89.45528411865234,96.7805548508962,77.99065729458167,85.67421780394847,0.3777182563910174,87.11112744344076,18.734276389362535,98.52728917896566,93.25216413264273
selftouch_fcn,FCN,comic-frog-5,no-history,False,1,500.0,model_weight/selftouch_fcn/comic-frog-5/epoch499.pth,True,90.54211139678955,88.81155870016235,63.56754480234402,204.29826545715332,84.21728730201721,84.21728730201721,48.788322268675735,294.0333938598633,0.5743468403816223,23.00712776184082,22.940101623535156,3.074009895324707,0.3506012558937073,9.193963400522868,1.5581197145695107,4.905252456665039,5.900678436035993,3.1481871455687855,63.64506996944603,450.0,88.81155870016235,500.0,90.54211139678955,500.0,116.9314956665039,84.14903926482874,52.11738121870473,269.283203125,76.65502866109213,30.862178310357493,85.86771392822266,89.20620068690243,50.321885791057376,246.64602661132812,87.47988939285278,42.707350942723686,105.84851837158203,86.67818284090039,61.83680759839555,218.14492797851562,85.55251757303873,41.41827935536787,53.52071762084961,95.21281200801785,89.99410460121838,83.11890411376953,87.1817135810852,80.16548046625388,85.67421780394847,0.3777182563910174,87.11112744344076,18.734276389362535,98.52728917896566,93.25216413264273
selftouch_transformer,Transformer,good-plasma-5,no-history,False,1,500.0,model_weight/selftouch_transformer/good-plasma-5/epoch499.pth,True,91.68052196502686,88.27506587800605,63.49273915741857,202.71252250671387,90.27244538068771,90.27244538068771,47.80907582503213,291.8430824279785,0.5714924931526184,23.13667106628418,23.070154190063477,2.970638644695282,0.3402406573295593,8.361355964342753,2.7872097623531404,3.320476492245992,2.9999019367970217,1.1913263713035485,63.49273915741857,500.0,88.27506587800605,500.0,91.68052196502686,500.0,115.84375,83.66563631300473,52.5274572657593,259.3245849609375,85.9660530090332,32.0184808126662,86.1076889038086,89.18900956093938,50.9636587721928,245.67318725585938,95.60173630714417,42.95909047028508,104.82905578613281,86.72760919563184,62.77595805052456,210.20779418945312,87.25690126419067,40.3861585865975,59.941593170166016,93.51800844244825,87.70388254119761,95.64452362060547,92.26509094238281,75.87257343057973,85.67421780394847,0.3777182563910174,87.11112744344076,18.734276389362535,98.52728917896566,93.25216413264273
selftouch_temporal_mixer,Temporal Mixer,vague-shape-4,no-history,False,1,500.0,model_weight/selftouch_temporal_mixer/vague-shape-4/epoch499.pth,True,90.40452671051025,88.81314054119318,63.44686482211809,204.28039741516113,95.35515626271565,95.35515626271565,48.4302758990366,295.4967956542969,0.5649077892303467,22.76222801208496,22.6887264251709,3.035132435957591,0.3031567931175232,8.496286408106487,1.7742086103885277,3.9373395442962646,4.788775321209784,2.2192089031932047,63.51512769586695,400.0,88.81314054119318,500.0,90.40452671051025,500.0,118.46725463867188,83.91048454469508,51.2119295532517,276.19287109375,97.28058397769928,29.73146633732768,84.18314361572266,89.31996658312448,50.56127377502415,238.84104919433594,89.33114051818848,43.397221211468626,103.58248138427734,87.30969743970373,61.94631850757022,218.013671875,97.56901502609253,40.79271131209683,55.38522720336914,94.71241359724945,90.06793745262625,84.0739974975586,97.23988552888234,79.79970473525329,85.67421780394847,0.3777182563910174,87.11112744344076,18.734276389362535,98.52728917896566,93.25216413264273
selftouch_contrastive_fcn,Contrastive FCN,legendary-lion-5,no-history,False,1,500.0,model_weight/selftouch_contrastive_fcn/legendary-lion-5/epoch499.pth,True,92.28174591064453,88.57218590893812,63.43113055815128,206.59378242492676,84.7600887219111,84.7600887219111,48.214294811535225,300.5082244873047,0.5682247281074524,23.02031707763672,22.960693359375,3.0175532261530558,0.6348190307617188,9.21858065923055,0.8020199446759474,6.016012509663899,11.494203754440642,7.50107593907112,63.43113055815128,500.0,88.57218590893812,500.0,92.26631355285645,450.0,122.08226013183594,83.4099275967697,51.91806736883196,279.0093994140625,72.67532348632812,30.72449013651991,84.91287231445312,89.30539311241066,50.339206999544764,243.79928588867188,87.72349754969278,42.9123070182604,105.2336196899414,87.11238033108447,62.187469082049354,216.62014770507812,85.82295099894206,40.67500166256568,56.898231506347656,94.46104259548763,89.27977878217905,86.94629669189453,92.81858285268147,78.54538042879491,85.67421780394847,0.3777182563910174,87.11112744344076,18.734276389362535,98.52728917896566,93.25216413264273
selftouch_temporal_mixer,Temporal Mixer,polished-morning-3,no-history,False,1,500.0,model_weight/selftouch_temporal_mixer/polished-morning-3/epoch499.pth,True,92.6106367111206,88.31321253618505,63.39430757333953,204.53714561462402,95.39942726492882,95.39942726492882,48.21462861057072,297.7682800292969,0.562688946723938,22.912582397460938,22.851776123046875,2.9328681151072185,0.27573245763778687,7.861769803365072,1.9082393700448779,4.30111563205719,4.119907558127878,2.2539707017762853,63.39430757333953,500.0,88.31321253618505,500.0,92.6106367111206,500.0,120.2369384765625,83.14617098301309,51.47205101833988,272.9376220703125,97.53088335196178,31.455211010603378,87.16753387451172,88.71749744732202,51.12332478376248,240.57749938964844,89.00864601135254,43.452173202735715,104.54360961914062,87.21976477271089,62.09510229451788,214.78933715820312,97.12518831094106,40.48214404468977,58.49446487426758,94.16941694169417,88.88675219673789,89.84412384033203,97.9329913854599,77.46898618425402,85.67421780394847,0.3777182563910174,87.11112744344076,18.734276389362535,98.52728917896566,93.25216413264273
selftouch_temporal_mixer,Temporal Mixer,happy-night-1,no-history,False,1,500.0,model_weight/selftouch_temporal_mixer/happy-night-1/epoch499.pth,True,92.32287502288818,88.4960736298112,63.349053351413346,208.13313102722168,95.39083754022916,95.39083754022916,48.19565217891703,301.4887008666992,0.5648505687713623,22.855365753173828,22.793176651000977,2.9557748953501384,0.3043847680091858,8.345983028411865,1.9097980956154013,4.735611279805501,4.370086580132707,2.4796397538974024,63.349053351413346,500.0,88.4960736298112,500.0,92.32287502288818,500.0,121.8070068359375,83.14132553606238,50.087739383065454,282.06591796875,97.6148784160614,29.549829211032858,86.7673110961914,88.83128190847489,52.31804403584158,242.31509399414062,89.59970951080322,44.477696174895854,106.21277618408203,87.06339775956047,61.12377829252102,222.6620330810547,96.70020461082458,39.34539247633615,54.5044059753418,94.94828931514705,89.86665169422533,85.4894790649414,97.64855762322743,79.40969085340326,85.67421780394847,0.3777182563910174,87.11112744344076,18.734276389362535,98.52728917896566,93.25216413264273
selftouch_contrastive_temporal,Contrastive Temporal,gallant-cosmos-2,no-history,False,1,500.0,model_weight/selftouch_contrastive_temporal/gallant-cosmos-2/epoch499.pth,True,92.38080501556396,88.52502473349912,63.071147725424865,206.87473678588867,96.54523894190788,96.54523894190788,48.3572692371615,299.07346534729004,0.5664087533950806,22.955156326293945,22.88499641418457,3.0066774686177573,0.6115520596504211,8.828982957204182,1.276123121801603,5.100062529246013,6.918598061870093,3.99652858107128,63.071147725424865,500.0,88.52502473349912,500.0,92.38080501556396,500.0,121.81442260742188,83.37822333611807,49.43471439188632,282.33001708984375,97.12826629479726,30.06330874417259,84.78546905517578,89.29640768588138,51.004963192431966,240.71070861816406,93.74227086702982,42.58482285408761,105.41946411132812,87.09847882211062,61.812488624082285,219.28347778320312,97.65245258808136,39.822216310877614,57.50386428833008,94.32698908988644,90.03242469329889,85.17474365234375,97.65796601772308,80.95872903950819,85.67421780394847,0.3777182563910174,87.11112744344076,18.734276389362535,98.52728917896566,93.25216413264273
selftouch_contrastive_transformer,Contrastive Transformer,celestial-totem-2,no-history,False,1,500.0,model_weight/selftouch_contrastive_transformer/celestial-totem-2/epoch499.pth,True,92.92271518707275,88.22813959643292,63.00329949134619,206.80363845825195,92.035826643308,92.035826643308,47.629300363156496,298.6409568786621,0.5691757202148438,23.007579803466797,22.928194046020508,2.9737641255060834,0.5676453113555908,8.202139321962992,1.3169325620579562,4.04984696706136,6.2282151404515345,3.07521211316448,63.00329949134619,500.0,88.22813959643292,500.0,92.92271518707275,500.0,117.48747253417969,83.94420774157616,52.27737656429466,268.1290283203125,90.7853372891744,31.51751838623897,89.07040405273438,88.58978928803491,49.487136782030355,250.23739624023438,87.16574986775716,41.49432286522653,106.78125762939453,86.21405217337279,62.22659091029244,215.0927734375,97.6911703745524,40.64618385759571,58.35172653198242,94.16450918274785,88.0220937087673,93.75535583496094,92.50104904174805,76.85917634356477,85.67421780394847,0.3777182563910174,87.11112744344076,18.734276389362535,98.52728917896566,93.25216413264273
selftouch_transformer,Transformer,flowing-valley-2,no-history,False,1,500.0,model_weight/selftouch_transformer/flowing-valley-2/epoch499.pth,True,93.836256980896,88.0198376169599,63.001613777949984,208.15412521362305,94.24421216050784,94.24421216050784,48.12800359357556,299.43692779541016,0.5739827156066895,23.179454803466797,23.103897094726562,3.0056771516799925,0.3300659656524658,7.432834490140279,3.249504176089138,3.3056870301564536,2.287374961642883,1.0172896697535354,63.001613777949984,500.0,88.0198376169599,500.0,93.836256980896,500.0,121.69105529785156,83.02263993316626,51.44680835091249,274.7772216796875,90.17937183380127,30.481101950443385,85.9768295288086,89.06642532256568,50.34920000444133,246.8083953857422,97.4331965049108,43.31405063009141,108.08147430419922,86.27240966515447,61.605550768124616,219.52978515625,93.66461515426636,40.688745538782115,59.59566879272461,93.7178755469532,88.6048959883215,91.5010986328125,95.69966514905293,78.02811625498535,85.67421780394847,0.3777182563910174,87.11112744344076,18.734276389362535,98.52728917896566,93.25216413264273
selftouch_contrastive_transformer,Contrastive Transformer,dry-monkey-1,no-history,False,1,500.0,model_weight/selftouch_contrastive_transformer/dry-monkey-1/epoch499.pth,True,92.700270652771,88.06299381637714,62.98895377989861,204.8419647216797,89.8069316148758,89.8069316148758,48.31613969573761,292.9497871398926,0.5676048994064331,23.050928115844727,22.974891662597656,2.956456939379374,0.6669533848762512,9.183467356363932,1.5378868813283024,5.115411281585693,5.971484293065817,3.3262597813224173,62.98895377989861,500.0,88.07940283650079,450.0,92.66137504577637,450.0,119.92228698730469,83.13908382066276,51.09294181236722,271.51202392578125,86.74312353134155,31.611257607619304,85.04901123046875,89.25131346885733,49.678780409269066,244.4606475830078,91.29769802093506,41.63541581577716,105.98841094970703,86.38057072739396,61.963689203508274,215.14271545410156,85.39993445078532,41.23783556117133,59.841373443603516,93.48100724859454,89.2204036944499,88.25247192382812,95.78697045644124,78.78004979838266,85.67421780394847,0.3777182563910174,87.11112744344076,18.734276389362535,98.52728917896566,93.25216413264273
selftouch_contrastive_temporal,Contrastive Temporal,still-universe-5,no-history,False,1,500.0,model_weight/selftouch_contrastive_temporal/still-universe-5/epoch499.pth,True,91.1038589477539,88.62797476113359,62.95939165228235,205.1918544769287,94.86908713976541,94.86908713976541,47.8628598465638,297.17835998535156,0.5686929225921631,22.984098434448242,22.912858963012695,2.9866326570510866,0.6755083203315735,8.799122794469197,1.5505636458430576,4.417407592137654,5.674789821145988,2.848904399364957,63.12158590925767,450.0,88.64671203337537,400.0,91.1038589477539,500.0,114.84463500976562,84.2369813422445,50.644016455591675,267.5907897949219,96.33339365323384,30.335069038797467,86.15016174316406,89.23538475819177,49.58928749875087,249.39694213867188,88.00403118133545,41.46907465302273,106.95236206054688,86.33029008998814,61.95152971635164,217.09048461914062,96.96884115537007,40.60007536964377,56.46827697753906,94.70924285410997,89.6527329384352,86.68920135498047,98.17008256912231,79.04722032479123,85.67421780394847,0.3777182563910174,87.11112744344076,18.734276389362535,98.52728917896566,93.25216413264273
selftouch_temporal_mixer,Temporal Mixer,vague-river-2,no-history,False,1,500.0,model_weight/selftouch_temporal_mixer/vague-river-2/epoch499.pth,True,93.47617149353027,88.26629660914149,62.942128745707606,208.3603401184082,95.8877678712209,95.8877678712209,47.93491550000463,298.95760345458984,0.5695262551307678,22.955575942993164,22.87226676940918,2.994640032450358,0.31842315196990967,8.65580309232076,1.894291759923447,4.976490179697673,4.569413896764542,2.6270980452867434,62.942128745707606,500.0,88.26629660914149,500.0,93.47617149353027,500.0,123.04280090332031,82.73923698134224,50.24454420563483,278.7926330566406,98.1301885843277,30.310869299153286,86.27039337158203,89.21258702311334,50.84107791212817,242.72877502441406,92.15638558069865,42.26550722915723,108.32723999023438,86.38101451060143,61.08714878152121,225.87216186523438,97.74799724419911,39.898472656336594,56.264251708984375,94.73234792150895,89.59574408354622,86.04779052734375,95.51650007565816,79.2648128153714,85.67421780394847,0.3777182563910174,87.11112744344076,18.734276389362535,98.52728917896566,93.25216413264273
selftouch_contrastive_transformer,Contrastive Transformer,swift-paper-4,no-history,False,1,500.0,model_weight/selftouch_contrastive_transformer/swift-paper-4/epoch499.pth,True,93.31044864654541,87.93979044623767,62.886284432372264,207.76399612426758,93.88518929481506,93.88518929481506,47.534946923055855,301.4480781555176,0.5726410746574402,23.085752487182617,23.00700569152832,2.9922298510869343,0.596591055393219,8.704511706034342,1.3652045973684899,5.115861415863037,6.375975969325614,3.7473221418417086,63.11291916150586,450.0,87.93979044623767,500.0,93.31044864654541,500.0,118.74108123779297,83.3468253968254,51.39707372735667,270.4288635253906,88.07305574417114,31.395685214237233,85.95240020751953,89.10970017636684,51.06136815340373,244.84481811523438,96.12391948699951,43.103896393218626,107.56867980957031,85.93169510762297,61.972072452417514,216.10946655273438,97.23499417304993,41.523796856642505,60.97963333129883,93.37094110413547,87.11462339631116,99.67283630371094,94.10878777503967,74.11640922812506,85.67421780394847,0.3777182563910174,87.11112744344076,18.734276389362535,98.52728917896566,93.25216413264273
selftouch_contrastive_transformer,Contrastive Transformer,good-cherry-3,no-history,False,1,500.0,model_weight/selftouch_contrastive_transformer/good-cherry-3/epoch499.pth,True,92.50244426727295,88.38539641619722,62.846470511099724,208.18622016906738,89.59861437479655,89.59861437479655,47.745480967905834,300.4832191467285,0.5694213509559631,23.107481002807617,23.044126510620117,2.9810469786326093,0.6387009620666504,8.81276711622874,1.149407374230136,3.705238938331604,7.667226880401269,3.223608114410562,62.99888811426332,450.0,88.39095859257166,450.0,92.35305690765381,450.0,121.69622802734375,83.04820384294068,50.76469329689881,276.54913330078125,82.63960202534993,31.55173181125316,85.10124969482422,89.49366007611623,49.66590053629126,248.83827209472656,94.68951940536499,41.392958719173045,104.74542999267578,86.94889059745424,62.442893837103654,215.5960693359375,88.33467404047649,41.08000266010507,58.46686935424805,94.05083114827774,88.51239437410516,91.76140594482422,92.7306620279948,76.95723068109204,85.67421780394847,0.3777182563910174,87.11112744344076,18.734276389362535,98.52728917896566,93.25216413264273
selftouch_transformer,Transformer,fallen-breeze-4,no-history,False,1,500.0,model_weight/selftouch_transformer/fallen-breeze-4/epoch499.pth,True,93.17448425292969,88.15065883150571,62.74818656453334,208.77580451965332,92.88067167003949,92.88067167003949,47.8698582800134,303.02879333496094,0.5670459270477295,23.025951385498047,22.95970344543457,2.978951589266459,0.3022139370441437,7.150069252649943,3.2715919522748043,3.80239466826121,2.185501540825822,1.1622460024751338,62.74818656453334,500.0,88.15065883150571,500.0,93.17448425292969,500.0,123.69744873046875,82.65686438318018,49.1507578430563,286.2774353027344,88.88409773508708,29.395173403651658,85.3377685546875,89.14894644017451,51.32918068463187,240.1687774658203,96.37579520543417,44.035109866852814,104.66778564453125,87.11829374232394,61.676166423351056,218.6615753173828,89.44305737813313,40.200616257675506,58.99493408203125,93.6785307603442,88.83664130709413,89.99542999267578,96.8197363615036,77.84853359187362,85.67421780394847,0.3777182563910174,87.11112744344076,18.734276389362535,98.52728917896566,93.25216413264273
selftouch_transformer,Transformer,breezy-plasma-1,no-history,False,1,500.0,model_weight/selftouch_transformer/breezy-plasma-1/epoch499.pth,True,93.66156768798828,87.89198147972758,62.28334623576631,208.19570541381836,88.68949631849925,88.68949631849925,47.555528277062876,299.56080627441406,0.5667253732681274,23.052188873291016,22.980690002441406,2.9521512826283773,0.3107544183731079,6.684267663955689,3.537490052836282,3.7213435967763266,1.8895509426511008,1.0519728794128014,62.28334623576631,500.0,87.89198147972758,500.0,93.66156768798828,500.0,120.80443572998047,82.80625174046227,49.488859444323495,277.5702819824219,86.89762194951376,29.914216095330286,87.38873291015625,88.80053838299452,50.16843764920112,245.365966796875,93.90064477920532,42.656854518316095,106.71331787109375,86.47930139647481,61.09802434767373,218.33966064453125,86.7614491780599,40.37596151714659,59.739784240722656,93.48183439897875,88.37806350186688,91.50691223144531,87.19826936721802,77.27508097745852,85.67421780394847,0.3777182563910174,87.11112744344076,18.734276389362535,98.52728917896566,93.25216413264273
selftouch_contrastive_transformer,Contrastive Transformer,clean-lake-5,no-history,False,1,500.0,model_weight/selftouch_contrastive_transformer/clean-lake-5/epoch499.pth,True,94.25726509094238,87.77683813805365,62.18465736033742,209.7348918914795,88.60671559969583,88.60671559969583,47.23504367187064,302.80005645751953,0.5720956325531006,23.095359802246094,23.003644943237305,3.008199373881022,0.6731870174407959,9.153185653686524,1.6050808210284806,5.340838034947713,5.702632249895975,3.327457387177231,62.18465736033742,500.0,87.77683813805365,500.0,94.25726509094238,500.0,120.94844818115234,82.86182121971596,49.399524799747766,278.5894470214844,85.97764333089192,29.708657387318222,86.3034439086914,89.26792908196417,50.92457501970843,244.47059631347656,87.64585018157959,42.80388822467939,109.6636734008789,85.63238552334799,60.01288452490014,225.86187744140625,89.3079932530721,38.6584203409368,60.113494873046875,93.34521672718651,88.40164509699335,90.01764678955078,91.49537563323975,77.76920873454817,85.67421780394847,0.3777182563910174,87.11112744344076,18.734276389362535,98.52728917896566,93.25216413264273
